ID_Ejecutivo,ID_Último_Jefe,Sexo,Fuga,Negocio,Edad,MesesServicio,NoSupervisores,Máx.MesesSup,Min.MesesSup,CumpliProm,SalarioFijoProm,SalarioVarMandProm,SalarioVarVolProm,SalarioTotalProm,ProporSalarioFijoProm,PropMesesBajoSalProm,PropMesesBajoCumpliProm,PropMesesNoCumple,SalarioFijoPromJefe,SalarioVarMandPromJefe,SalarioVarVolPromJefe,SalarioTotalPromJefe,ProporSalarioFijoPromJefe,TotalEjecuJefe,PromPropMesesNoCumpleEjecJefe,CumpliPromEjecutJefe,PropEjecuFugadosJefe
58186740,111971749,,NO,Voluntario,,4,1,4,4,0.86,700000,0,756500,1456500,0.65,0.75,0.75,0,1457872,0,1884912,3342784,0.54,5,0.23,0.62,0.6
58929492,132827486,F,NO,Voluntario,62,13,1,13,13,1.08,465265,0,2292501,2757766,0.24,0.77,0.62,0.15,1350745,0,1684724,3035469,0.49,21,0.32,0.57,0.67
64887645,121484943,,NO,Voluntario,,3,1,3,3,2.1,700000,0,2866990,3566990,0.2,0.33,0.33,0,1345560,0,765638,2111198,0.71,18,0.3,0.58,0.61
65655144,128896406,F,NO,Voluntario,63,12,3,9,1,0.5,611956,0,832092,1444048,0.62,0.58,0.58,0.33,1503739,0,1367709,2871448,0.64,26,0.43,0.47,0.62
66239225,107732845,M,NO,Mandatorio,65,16,1,16,16,1.02,370931,1470314,56687,1897933,0.39,0.5,0.56,0.13,1528618,1420000,0,2948618,0.52,24,0.13,1.14,0.54
66849767,153043833,M,NO,Voluntario,67,13,3,8,1,1.76,369760,0,2171284,2541044,0.24,0.77,0.69,0,1659600,0,1923548,3583148,0.55,1,0,1.76,0
69206050,89666937,F,NO,Voluntario,65,14,1,14,14,0.91,580128,0,2248366,2828494,0.28,0.5,0.43,0.07,1428688,0,1661724,3090411,0.58,22,0.29,0.54,0.73
70326760,180201661,F,NO,Voluntario,55,18,2,12,6,2.34,987840,0,3950198,4938039,0.23,0.67,0.61,0,1433878,0,2418300,3852178,0.45,15,0.3,0.91,0.67
70330172,132827486,,NO,Voluntario,,3,1,3,3,1.37,1000000,0,3615020,4615020,0.23,0.67,0.33,0,1350745,0,1684724,3035469,0.49,21,0.32,0.57,0.67
007043962K,132827486,F,NO,Voluntario,61,13,1,13,13,1.27,464368,0,2062380,2526748,0.27,0.62,0.46,0.15,1350745,0,1684724,3035469,0.49,21,0.32,0.57,0.67
71094995,121484943,F,NO,Voluntario,59,14,2,12,2,1.06,455920,0,1543776,1999696,0.35,0.57,0.5,0.07,1345560,0,765638,2111198,0.71,18,0.3,0.58,0.61
71695514,111971749,M,NO,Voluntario,58,25,1,25,25,1.28,502477,0,3335120,3837596,0.24,0.56,0.64,0,1457872,0,1884912,3342784,0.54,5,0.23,0.62,0.6
73125626,012852066K,F,NO,Mandatorio,65,12,1,12,12,1,349586,798415,58659,1206660,0.53,0.58,0.33,0.17,1398546,1782728,0,3181274,0.54,22,0.26,0.9,0.45
73175879,94726468,M,NO,Mandatorio,64,20,2,15,5,0.66,297356,995546,17099,1310000,0.38,0.5,0.5,0.45,1480766,754817,809,2236392,0.75,28,0.48,0.61,0.5
74222250,130716911,F,NO,Voluntario,59,17,3,14,1,0.7,352222,0,1086712,1438934,0.35,0.65,0.65,0.12,1500000,0,1400000,2900000,0.52,4,0.5,0.42,0.25
007533009K,94600480,F,NO,Voluntario,60,21,1,21,21,0.57,354006,0,674964,1028970,0.49,0.71,0.81,0.19,1319661,0,1078781,2398441,0.61,5,0.37,0.44,0.6
75789149,94726468,F,NO,Mandatorio,58,16,1,16,16,0.51,375942,373420,29717,779079,0.57,0.5,0.44,0.25,1480766,754817,809,2236392,0.75,28,0.48,0.61,0.5
76448493,102168038,,NO,Voluntario,,4,1,4,4,1.72,303334,0,1670001,1973334,0.45,0.5,0.5,0,1609600,0,1792240,3401840,0.55,2,0.5,0.86,0
76570280,94801133,M,NO,Voluntario,55,10,1,10,10,0.93,660847,0,2231861,2892707,0.36,0.6,0.6,0.2,1447558,0,1199943,2647501,0.64,12,0.42,0.4,0.5
77124306,215869660,F,NO,Voluntario,56,17,1,17,17,0.39,452135,0,596521,1048656,0.56,0.65,0.82,0.82,1356823,0,355762,1712586,0.85,17,0.8,0.39,0.29
77706100,012852066K,F,NO,Mandatorio,47,16,1,16,16,1.15,323450,1313120,23891,1660461,0.39,0.5,0.38,0.19,1398546,1782728,0,3181274,0.54,22,0.26,0.9,0.45
78005335,91289555,,NO,Voluntario,,4,2,3,1,0.24,606667,0,45763,652429,0.94,0.25,0.25,0.25,1545177,0,857366,2402544,0.69,8,0.67,0.5,0.25
78806125,106912122,M,NO,Mandatorio,60,16,2,11,5,0.84,373926,776321,39325,1189572,0.47,0.56,0.5,0.06,1408105,722679,0,2130784,0.73,15,0.21,0.96,0.2
79360619,139238249,F,NO,Voluntario,45,13,1,13,13,0.64,619369,0,709589,1328958,0.67,0.69,0.62,0.31,1467571,0,1393354,2860924,0.58,12,0.5,0.47,0.42
79495417,130116221,,NO,Mandatorio,,1,1,1,1,0.41,205467,0,0,205467,1,0,0,0,1340258,2084978,0,3425235,0.45,21,0.38,0.63,0.62
79500003,128866914,M,NO,Voluntario,60,16,3,10,2,0.42,336476,0,350419,686895,0.64,0.69,0.63,0.13,1501064,0,1346390,2847454,0.59,10,0.28,0.62,0.2
80153538,104714412,F,NO,Mandatorio,61,15,1,15,15,0.99,379148,728290,26882,1134320,0.5,0.6,0.53,0,1491056,2252287,0,3743343,0.46,30,0.2,0.99,0.57
80569467,112352481,F,NO,Mandatorio,57,19,2,14,5,0.75,278944,858054,44540,1181538,0.33,0.42,0.42,0.37,1435721,1518841,0,2954563,0.58,15,0.15,1.15,0.4
81283656,152602022,,NO,Mandatorio,,8,1,8,8,1.03,354891,291285,14561,660736,0.7,0.5,0.38,0,1380027,650600,0,2030627,0.77,6,0.22,0.9,0.33
81452598,119071224,M,NO,Voluntario,56,21,4,13,2,1,360372,0,977136,1337508,0.5,0.52,0.71,0.33,1480000,0,2500000,3980000,0.37,7,0.79,0.48,0
81684782,121639750,M,NO,Mandatorio,57,24,2,13,11,1.46,368319,1715799,55951,2140069,0.3,0.38,0.5,0,1366173,2188296,0,3554469,0.47,11,0.09,1.32,0.27
82368841,67196600,,NO,Voluntario,,4,1,4,4,1.33,350000,0,2360750,2710750,0.13,0.5,0.5,0,1366979,0,1222167,2589146,0.63,18,0.7,0.29,0.78
82560033,132827486,,NO,Voluntario,,4,1,4,4,0.42,850000,0,1135000,1985000,0.53,0.5,0.25,0,1350745,0,1684724,3035469,0.49,21,0.32,0.57,0.67
82950788,94801133,F,NO,Voluntario,57,13,1,13,13,0.33,593293,0,793040,1386333,0.59,0.69,0.62,0.31,1447558,0,1199943,2647501,0.64,12,0.42,0.4,0.5
83145641,116070170,,NO,Voluntario,,3,1,3,3,0.2,425000,0,0,425000,1,0.33,0.67,0.67,875704,0,866130,1741834,0.55,25,0.75,0.25,0.4
83287020,95482392,M,NO,Mandatorio,56,25,3,17,4,0.45,331955,669346,67899,1069200,0.4,0.6,0.56,0.28,1553239,2670674,0,4223912,0.37,9,0.44,1.01,0.67
83696737,141029142,F,NO,Mandatorio,53,20,1,20,20,1.16,365683,1428555,36954,1831192,0.35,0.5,0.7,0,1275451,809412,0,2084863,0.68,13,0.1,0.83,0.38
83969253,74808816,F,NO,Mandatorio,47,16,2,9,7,0.57,369434,445707,26266,841407,0.54,0.38,0.5,0,1984280,605217,0,2589497,0.79,12,0.28,0.55,0.75
008450579K,128866914,,NO,Voluntario,,5,2,4,1,0.98,642693,0,1357000,1999693,0.47,0.4,0.8,0,1501064,0,1346390,2847454,0.59,10,0.28,0.62,0.2
85429965,132744505,F,NO,Mandatorio,59,16,1,16,16,1.8,371680,3566365,126695,4064740,0.28,0.44,0.44,0,1158206,3026582,60870,4245658,0.34,25,0.13,1.11,0.6
85830015,109588431,,NO,Voluntario,,8,1,8,8,0.82,350000,0,798010,1148010,0.48,0.38,0.5,0,1474853,0,1361914,2836767,0.6,18,0.45,0.42,0.61
85846280,013745498K,M,NO,Mandatorio,57,24,3,16,2,0.47,299318,424952,16860,741129,0.54,0.58,0.54,0.42,2004753,1690036,0,3694789,0.59,20,0.21,0.59,0.45
85907727,123053729,,NO,Mandatorio,,4,1,4,4,1.46,332906,1099545,103750,1536202,0.4,0.5,0.5,0,1438363,2290055,17434,3745852,0.49,21,0.11,1.1,0.48
008602781K,104714412,,NO,Mandatorio,,4,1,4,4,1.01,332906,737295,22500,1092701,0.53,0.75,0.5,0,1491056,2252287,0,3743343,0.46,30,0.2,0.99,0.57
86351129,132327556,,NO,Voluntario,,4,1,4,4,0.7,958334,0,748085,1706418,0.66,0.5,0.75,0,1608680,0,977425,2586105,0.67,10,0.67,0.42,0.2
86449013,128896406,F,NO,Voluntario,47,16,2,12,4,0.45,554208,0,1292299,1846507,0.5,0.63,0.56,0.13,1503739,0,1367709,2871448,0.64,26,0.43,0.47,0.62
86627000,121524422,,NO,Mandatorio,,8,1,8,8,1.69,356461,1266018,28750,1651229,0.57,0.5,0.63,0,1213041,1625177,0,2838218,0.51,17,0.32,0.84,0.41
86680637,106667659,F,NO,Voluntario,53,24,5,9,1,0.45,382670,173328,323709,879706,0.66,0.67,0.54,0.38,1462580,2168888,0,3631468,0.51,16,0.16,0.98,0.31
87886077,104714412,,NO,Mandatorio,,3,1,3,3,1.56,376689,1115898,26667,1519253,0.46,0.33,0.33,0,1491056,2252287,0,3743343,0.46,30,0.2,0.99,0.57
88273923,132954186,F,NO,Mandatorio,52,16,2,15,1,0.82,276287,836853,22395,1135535,0.4,0.44,0.38,0.38,1373320,1534267,30096,2937684,0.53,27,0.2,1.06,0.56
008827752K,94726468,M,NO,Mandatorio,57,16,2,12,4,0.72,315498,553292,19003,887793,0.52,0.63,0.56,0.19,1480766,754817,809,2236392,0.75,28,0.48,0.61,0.5
88955366,129731656,F,NO,Voluntario,53,11,2,7,4,0.32,332733,0,492084,824818,0.57,0.64,0.45,0.18,1547755,0,391738,1939494,0.81,7,0.57,0.28,0.29
89017491,112352481,,NO,Mandatorio,,8,1,8,8,1.75,356461,985475,78750,1420686,0.58,0.5,0.5,0,1435721,1518841,0,2954563,0.58,15,0.15,1.15,0.4
89441994,132327556,F,NO,Voluntario,48,16,3,10,1,0.5,334328,0,565128,899455,0.49,0.56,0.56,0.13,1608680,0,977425,2586105,0.67,10,0.67,0.42,0.2
89619211,013551439K,,NO,Mandatorio,,8,1,8,8,1.33,358031,1489026,95000,1942057,0.56,0.5,0.38,0,1189709,2018462,0,3208171,0.44,39,0.16,0.69,0.59
89666384,132064490,M,NO,Mandatorio,56,16,2,12,4,0.79,370001,880063,19018,1269082,0.5,0.56,0.56,0.25,1363323,1287889,0,2651212,0.6,35,0.41,0.77,0.63
89837162,011834846K,M,NO,Mandatorio,57,12,2,9,3,1.74,366639,1554666,24595,1945900,0.43,0.33,0.5,0,1248909,1541468,0,2790377,0.55,21,0.25,0.77,0.57
89889936,130116221,F,NO,Mandatorio,55,24,1,24,24,0.83,334312,1233785,41291,1609388,0.32,0.46,0.54,0.17,1340258,2084978,0,3425235,0.45,21,0.38,0.63,0.62
009026964K,85196677,F,NO,Voluntario,43,22,2,19,3,0.68,422536,0,660418,1082954,0.47,0.59,0.68,0.59,1300183,0,727241,2027424,0.66,9,0.77,0.29,0.56
90319701,138516571,,NO,Voluntario,,2,1,2,2,0.63,350000,0,804176,1154176,0.32,0.5,0.5,0.5,1504200,0,1225000,2729200,0.56,8,0.25,0.42,0
90501208,162505491,,NO,Voluntario,,4,1,4,4,0.42,341250,0,944042,1285292,0.38,0.5,0.25,0.25,1319585,0,683768,2003353,0.76,17,0.36,0.38,0.59
90981358,134844604,M,NO,Mandatorio,56,16,1,16,16,2.26,493060,2268056,94560,2855676,0.36,0.38,0.56,0,1245460,1567982,0,2813441,0.52,17,0.13,0.87,0.18
91050080,143103064,F,NO,Mandatorio,55,16,1,16,16,0.71,373926,403702,13523,791151,0.56,0.31,0.5,0.06,1326378,1018314,0,2344692,0.62,11,0.08,0.96,0.18
91250594,128896406,F,NO,Voluntario,52,15,1,15,15,1.17,447478,0,2727653,3175131,0.24,0.47,0.6,0.07,1503739,0,1367709,2871448,0.64,26,0.43,0.47,0.62
91293889,137343282,,NO,Mandatorio,,8,1,8,8,1.99,358031,1146086,93125,1597243,0.57,0.63,0.38,0,1216479,1522178,0,2738657,0.49,27,0.22,0.9,0.44
009142892K,123053729,M,NO,Mandatorio,61,12,1,12,12,1.29,367663,1172328,50815,1590805,0.45,0.42,0.5,0,1438363,2290055,17434,3745852,0.49,21,0.11,1.1,0.48
91512831,012852066K,F,NO,Mandatorio,54,16,1,16,16,0.95,238778,1408943,29192,1676914,0.32,0.5,0.44,0.44,1398546,1782728,0,3181274,0.54,22,0.26,0.9,0.45
91992566,107387382,F,NO,Mandatorio,57,20,1,20,20,1.08,370177,1239052,61077,1670307,0.36,0.55,0.5,0,1303667,949322,0,2252989,0.65,15,0.28,0.78,0.4
92111652,128896406,F,NO,Voluntario,57,12,1,12,12,1.13,467088,0,1616258,2083345,0.37,0.75,0.58,0.08,1503739,0,1367709,2871448,0.64,26,0.43,0.47,0.62
92552160,116106698,F,NO,Mandatorio,46,12,3,8,2,0.8,358124,305428,7307,670860,0.65,0.42,0.5,0,1513161,922171,0,2435332,0.68,19,0.21,0.75,0.47
92596923,012852066K,F,NO,Mandatorio,52,20,3,11,3,1.43,379616,2747673,122540,3249828,0.28,0.4,0.5,0,1398546,1782728,0,3181274,0.54,22,0.26,0.9,0.45
92657477,162673238,F,NO,Mandatorio,50,16,1,16,16,1.14,371146,1042064,34027,1447236,0.43,0.31,0.5,0,1438331,949964,0,2388295,0.62,9,0.55,0.71,0.56
92922499,106912122,M,NO,Mandatorio,54,12,1,12,12,0.87,360172,723637,53824,1137632,0.51,0.5,0.42,0.08,1408105,722679,0,2130784,0.73,15,0.21,0.96,0.2
92945278,135086002,M,NO,Mandatorio,57,24,1,24,24,1.36,371219,2016050,66651,2453919,0.29,0.42,0.46,0.04,1413067,1806806,0,3219873,0.53,17,0.11,1.07,0.35
93226119,116070170,F,NO,Voluntario,56,26,4,15,1,0.12,354424,0,185679,540103,0.79,0.58,0.92,0.92,875704,0,866130,1741834,0.55,25,0.75,0.25,0.4
93327454,143103064,M,NO,Mandatorio,56,12,1,12,12,1.39,367663,1034322,86919,1488903,0.47,0.58,0.42,0,1326378,1018314,0,2344692,0.62,11,0.08,0.96,0.18
93399374,121524422,F,NO,Mandatorio,56,13,1,13,13,0.9,314657,781166,78320,1174144,0.57,0.54,0.54,0.15,1213041,1625177,0,2838218,0.51,17,0.32,0.84,0.41
93405412,140164941,F,NO,Mandatorio,54,19,1,19,19,0.82,298310,1261645,68503,1628459,0.3,0.58,0.53,0.26,1520519,3408821,0,4929340,0.39,16,0.08,1.29,0.19
93440102,137343282,F,NO,Mandatorio,54,24,3,14,3,0.96,370626,1506743,84932,1962302,0.32,0.54,0.54,0.08,1216479,1522178,0,2738657,0.49,27,0.22,0.9,0.44
93549082,132064490,F,NO,Mandatorio,54,16,4,6,2,1.08,324921,1004168,34319,1363408,0.46,0.56,0.38,0.19,1363323,1287889,0,2651212,0.6,35,0.41,0.77,0.63
93820649,132954186,,NO,Mandatorio,,8,1,8,8,1.3,356461,831925,15000,1203386,0.59,0.5,0.38,0,1373320,1534267,30096,2937684,0.53,27,0.2,1.06,0.56
93843886,139238249,M,NO,Voluntario,54,25,1,25,25,0.47,578319,0,590826,1169145,0.56,0.68,0.68,0.44,1467571,0,1393354,2860924,0.58,12,0.5,0.47,0.42
93873416,89666937,F,NO,Voluntario,46,21,1,21,21,0.9,435835,0,1691330,2127165,0.33,0.76,0.76,0.14,1428688,0,1661724,3090411,0.58,22,0.29,0.54,0.73
93889711,162505491,,NO,Voluntario,,1,1,1,1,0.99,116666,0,0,116666,1,0,0,0,1319585,0,683768,2003353,0.76,17,0.36,0.38,0.59
94033381,128866914,F,NO,Voluntario,42,21,3,12,4,0.31,436917,0,318267,755184,0.7,0.71,0.76,0.76,1501064,0,1346390,2847454,0.59,10,0.28,0.62,0.2
94244587,89666937,,NO,Voluntario,,3,1,3,3,0.77,700000,0,1370167,2070167,0.46,0.33,0.67,0,1428688,0,1661724,3090411,0.58,22,0.29,0.54,0.73
94402271,137343282,F,NO,Mandatorio,56,25,1,25,25,0.76,381021,729939,71954,1182913,0.43,0.44,0.52,0.04,1216479,1522178,0,2738657,0.49,27,0.22,0.9,0.44
009459751K,013745498K,M,NO,Mandatorio,55,24,3,16,1,0.77,243094,1207349,57815,1508258,0.31,0.58,0.54,0.33,2004753,1690036,0,3694789,0.59,20,0.21,0.59,0.45
94726468,013551439K,M,NO,Mandatorio,55,10,1,10,10,1.48,343262,1919776,127412,2390449,0.37,0.4,0.4,0.2,1189709,2018462,0,3208171,0.44,39,0.16,0.69,0.59
95011799,132064490,M,NO,Mandatorio,54,24,5,9,1,0.5,345316,913144,113366,1371825,0.36,0.54,0.58,0.42,1363323,1287889,0,2651212,0.6,35,0.41,0.77,0.63
95699464,106656622,F,NO,Mandatorio,51,20,1,20,20,0.59,322531,434890,30575,787996,0.56,0.55,0.45,0.3,1538081,1029202,0,2567282,0.66,10,0.31,0.82,0.3
009635228K,123615921,F,NO,Mandatorio,56,18,1,18,18,1.11,356239,1219986,37758,1613983,0.37,0.33,0.44,0,1390748,1411401,0,2802148,0.57,12,0.06,0.86,0.42
96553560,141104977,F,NO,Mandatorio,64,12,1,12,12,1.05,358404,947686,50992,1357082,0.47,0.5,0.33,0,1407329,1494549,0,2901878,0.56,13,0.19,1.05,0.46
96692307,85196677,F,NO,Voluntario,52,27,2,15,12,0.58,412498,0,564652,977150,0.5,0.59,0.7,0.56,1300183,0,727241,2027424,0.66,9,0.77,0.29,0.56
96831595,129731656,F,NO,Voluntario,54,13,2,9,4,0.52,573856,0,932404,1506261,0.65,0.69,0.54,0.15,1547755,0,391738,1939494,0.81,7,0.57,0.28,0.29
97263493,128896406,,NO,Voluntario,,5,3,2,1,1.12,347667,0,1837549,2185216,0.21,0.6,0.6,0,1503739,0,1367709,2871448,0.64,26,0.43,0.47,0.62
97534322,141029142,M,NO,Mandatorio,53,23,1,23,23,0.9,362648,1248488,143452,1754589,0.39,0.57,0.65,0.17,1275451,809412,0,2084863,0.68,13,0.1,0.83,0.38
009854190K,118897102,F,NO,Voluntario,47,23,3,10,6,0.48,340030,0,678887,1018917,0.58,0.7,0.65,0.48,1373955,0,1204337,2578292,0.63,23,0.36,0.44,0.52
98755837,128896406,,NO,Voluntario,,1,1,1,1,0.04,350000,0,1200000,1550000,0.23,0,0,1,1503739,0,1367709,2871448,0.64,26,0.43,0.47,0.62
98844325,106667659,,NO,Mandatorio,,8,1,8,8,1.65,356461,766142,73668,1196271,0.61,0.5,0.63,0,1462580,2168888,0,3631468,0.51,16,0.16,0.98,0.31
98898239,137343282,F,NO,Mandatorio,53,26,1,26,26,0.68,323013,769112,97725,1189850,0.39,0.54,0.46,0.27,1216479,1522178,0,2738657,0.49,27,0.22,0.9,0.44
98980318,132064490,M,NO,Mandatorio,52,20,3,10,4,0.44,370177,534763,12044,916984,0.52,0.55,0.55,0.25,1363323,1287889,0,2651212,0.6,35,0.41,0.77,0.63
99074914,007819829K,F,NO,Voluntario,53,18,1,18,18,,458573,0,287700,746273,0.68,0.56,0,1,2132663,0,512826,2645489,0.82,4,1,0,0.25
99437111,141104977,F,NO,Mandatorio,51,12,1,12,12,1.97,360497,2005445,59668,2425610,0.41,0.42,0.33,0,1407329,1494549,0,2901878,0.56,13,0.19,1.05,0.46
99517263,106656622,F,NO,Mandatorio,48,15,1,15,15,0.79,276439,764658,19339,1060436,0.41,0.53,0.4,0.33,1538081,1029202,0,2567282,0.66,10,0.31,0.82,0.3
99582294,141659596,,NO,Voluntario,,1,1,1,1,0,466666,0,0,466666,1,0,0,1,,,,,,8,0.42,0.39,0.38
99692758,84649023,,NO,Mandatorio,,8,1,8,8,1.53,358031,873263,97500,1328795,0.59,0.5,0.38,0,1503725,484667,0,1988392,0.81,21,0.6,0.53,0.52
99799099,132327556,F,NO,Voluntario,42,20,4,13,1,0.16,412338,0,314595,726933,0.73,0.5,0.75,0.75,1608680,0,977425,2586105,0.67,10,0.67,0.42,0.2
99974907,162505491,F,NO,Voluntario,56,12,1,12,12,0.23,352638,0,95291,447929,0.81,0.33,0.58,0.42,1319585,0,683768,2003353,0.76,17,0.36,0.38,0.59
100096072,140164941,F,NO,Mandatorio,56,24,1,24,24,1.14,366670,1376699,103230,1846599,0.33,0.46,0.58,0,1520519,3408821,0,4929340,0.39,16,0.08,1.29,0.19
010011237K,128304177,F,NO,Voluntario,52,20,1,20,20,,494745,0,137493,632238,0.84,0.65,0,1,1461527,0,610416,2071944,0.74,15,0.52,0.39,0.53
100272792,109588431,F,NO,Voluntario,50,19,2,14,5,0.73,359420,0,908420,1267840,0.43,0.53,0.58,0.05,1474853,0,1361914,2836767,0.6,18,0.45,0.42,0.61
100497670,007819829K,,NO,Voluntario,,5,1,5,5,,466383,0,122801,589184,0.84,0.6,0,1,2132663,0,512826,2645489,0.82,4,1,0,0.25
100552566,89666937,F,NO,Voluntario,50,10,1,10,10,1.19,669786,0,2170853,2840638,0.35,0.4,0.5,0,1428688,0,1661724,3090411,0.58,22,0.29,0.54,0.73
100739097,143103064,F,NO,Mandatorio,42,12,1,12,12,1.06,366639,751962,37397,1155999,0.5,0.42,0.42,0,1326378,1018314,0,2344692,0.62,11,0.08,0.96,0.18
101059715,140164941,M,NO,Mandatorio,52,24,1,24,24,0.98,341268,1423411,82720,1847400,0.31,0.5,0.5,0.21,1520519,3408821,0,4929340,0.39,16,0.08,1.29,0.19
101239179,67196600,M,NO,Voluntario,49,19,1,19,19,0.33,391133,0,685115,1076249,0.46,0.63,0.68,0.58,1366979,0,1222167,2589146,0.63,18,0.7,0.29,0.78
101754669,135086002,F,NO,Mandatorio,54,20,1,20,20,1.21,369893,1750207,56713,2176813,0.32,0.3,0.45,0.15,1413067,1806806,0,3219873,0.53,17,0.11,1.07,0.35
101756734,116106698,F,NO,Mandatorio,55,12,2,11,1,0.84,364592,592985,57039,1014616,0.52,0.33,0.42,0,1513161,922171,0,2435332,0.68,19,0.21,0.75,0.47
102001826,013745498K,M,NO,Mandatorio,50,20,2,13,7,0.44,324874,272317,152921,750112,0.59,0.75,0.55,0.2,2004753,1690036,0,3694789,0.59,20,0.21,0.59,0.45
102168038,70526034,F,NO,Voluntario,51,14,2,11,3,0.79,360285,0,1032924,1393209,0.47,0.57,0.71,0.14,,,,,,9,0.37,0.56,0.33
102186176,155313382,F,NO,Mandatorio,50,16,2,8,8,1.16,371680,1590141,63159,2024980,0.37,0.56,0.44,0.06,1538205,585527,0,2123732,0.79,12,0.28,0.69,0.5
102468368,156530999,,NO,Mandatorio,,8,1,8,8,1.14,348609,429074,14959,792642,0.66,0.5,0.5,0,1429171,1084693,0,2513864,0.69,13,0.18,0.83,0.62
102470443,011834846K,M,NO,Mandatorio,39,20,1,20,20,0.89,344136,1213185,13073,1570394,0.39,0.6,0.6,0.25,1248909,1541468,0,2790377,0.55,21,0.25,0.77,0.57
102484231,109588431,F,NO,Voluntario,49,12,1,12,12,0.7,336110,0,737843,1073953,0.51,0.58,0.5,0.08,1474853,0,1361914,2836767,0.6,18,0.45,0.42,0.61
102659511,180201661,,NO,Voluntario,,6,1,6,6,3.5,974585,0,6211212,7185797,0.14,0.17,0,0,1433878,0,2418300,3852178,0.45,15,0.3,0.91,0.67
102732316,118897102,,NO,Voluntario,,5,1,5,5,0.43,347667,0,175042,522708,0.75,0.6,0.6,0,1373955,0,1204337,2578292,0.63,23,0.36,0.44,0.52
102893557,137567415,M,NO,Voluntario,43,12,2,8,4,0.95,704198,0,1467965,2172162,0.37,0.58,0.58,0.17,1474680,0,1792980,3267660,0.53,11,0.46,0.39,0.45
103268389,013745498K,F,NO,Mandatorio,48,24,3,16,1,0.94,296344,1388718,59879,1744940,0.3,0.38,0.38,0.25,2004753,1690036,0,3694789,0.59,20,0.21,0.59,0.45
103773962,106667659,F,NO,Mandatorio,53,24,2,17,7,1.24,353598,1562619,28384,1944602,0.3,0.38,0.46,0.04,1462580,2168888,0,3631468,0.51,16,0.16,0.98,0.31
104145981,135086002,F,NO,Mandatorio,51,16,1,16,16,1.35,373926,1750168,93832,2217927,0.35,0.38,0.44,0,1413067,1806806,0,3219873,0.53,17,0.11,1.07,0.35
010449059K,139238249,F,NO,Voluntario,52,15,1,15,15,0.99,634469,0,1066887,1701356,0.45,0.53,0.73,0.47,1467571,0,1393354,2860924,0.58,12,0.5,0.47,0.42
104568211,013494241K,,NO,Mandatorio,,7,1,7,7,1.41,362518,898064,17143,1277725,0.56,0.71,0.43,0,1298870,1035836,0,2334706,0.64,18,0.32,0.77,0.67
104943292,119071224,F,NO,Voluntario,52,9,3,4,2,,466229,0,120817,587046,0.86,0.78,0,1,1480000,0,2500000,3980000,0.37,7,0.79,0.48,0
105460090,011834846K,F,NO,Mandatorio,53,20,4,9,3,0.75,370177,930431,18656,1319264,0.48,0.6,0.55,0.2,1248909,1541468,0,2790377,0.55,21,0.25,0.77,0.57
105473966,116106698,F,NO,Mandatorio,49,16,3,8,4,0.83,370931,474898,37004,882834,0.53,0.56,0.5,0.06,1513161,922171,0,2435332,0.68,19,0.21,0.75,0.47
105480776,106912122,F,NO,Mandatorio,52,12,1,12,12,0.98,367663,656312,24629,1048603,0.54,0.5,0.33,0.08,1408105,722679,0,2130784,0.73,15,0.21,0.96,0.2
105850964,132954186,,NO,Mandatorio,,4,1,4,4,1.36,342328,1044298,160000,1546626,0.4,0.25,0.75,0,1373320,1534267,30096,2937684,0.53,27,0.2,1.06,0.56
106078475,128866914,,NO,Voluntario,,4,1,4,4,0.28,350000,0,102000,452000,0.8,0.75,0.25,0.25,1501064,0,1346390,2847454,0.59,10,0.28,0.62,0.2
106089639,107732845,F,NO,Mandatorio,51,12,1,12,12,1.34,354867,1093782,221503,1670152,0.45,0.42,0.33,0.08,1528618,1420000,0,2948618,0.52,24,0.13,1.14,0.54
106357269,121524422,M,NO,Mandatorio,51,12,1,12,12,0.78,365615,379550,19131,764296,0.6,0.42,0.5,0,1213041,1625177,0,2838218,0.51,17,0.32,0.84,0.41
106495971,012852066K,F,NO,Mandatorio,51,12,1,12,12,0.89,343282,622906,18164,984352,0.56,0.5,0.33,0.17,1398546,1782728,0,3181274,0.54,22,0.26,0.9,0.45
106567166,94726468,M,NO,Mandatorio,52,25,4,9,2,0.51,360074,828699,28429,1217203,0.46,0.6,0.56,0.48,1480766,754817,809,2236392,0.75,28,0.48,0.61,0.5
106666989,123053729,M,NO,Mandatorio,48,20,2,15,5,1.39,370776,2104867,317923,2793566,0.29,0.4,0.45,0.1,1438363,2290055,17434,3745852,0.49,21,0.11,1.1,0.48
106841772,107387382,F,NO,Mandatorio,46,20,1,20,20,0.76,334675,675331,16290,1026296,0.45,0.5,0.4,0.1,1303667,949322,0,2252989,0.65,15,0.28,0.78,0.4
107288325,137343282,F,NO,Mandatorio,51,24,1,24,24,0.78,365768,699892,18692,1084352,0.44,0.5,0.38,0.08,1216479,1522178,0,2738657,0.49,27,0.22,0.9,0.44
107349227,140919179,,NO,Mandatorio,,8,4,4,1,1.58,401063,979277,20000,1400340,0.6,0.5,0.63,0,871250,588964,0,1460214,0.63,12,0.33,0.78,0.25
107552391,107387382,M,NO,Mandatorio,51,12,1,12,12,0.73,365615,302231,19165,687011,0.66,0.58,0.42,0,1303667,949322,0,2252989,0.65,15,0.28,0.78,0.4
107834273,135086002,M,NO,Mandatorio,48,24,1,24,24,1.36,370250,2080698,73717,2524665,0.28,0.29,0.58,0.04,1413067,1806806,0,3219873,0.53,17,0.11,1.07,0.35
107928898,141029142,M,NO,Mandatorio,51,20,1,20,20,1.19,370177,1974578,71089,2415844,0.31,0.35,0.5,0.1,1275451,809412,0,2084863,0.68,13,0.1,0.83,0.38
108386118,85196677,F,NO,Voluntario,48,26,2,19,7,0.42,455496,0,401248,856744,0.58,0.5,0.69,0.62,1300183,0,727241,2027424,0.66,9,0.77,0.29,0.56
108683600,97042772,M,NO,Voluntario,51,19,1,19,19,0.74,961113,0,1989539,2950653,0.38,0.53,0.58,0.53,3062475,0,2643559,5706034,0.55,12,0.35,0.68,0.25
010868500K,132327556,,NO,Voluntario,,1,1,1,1,0,766666,0,0,766666,1,0,0,1,1608680,0,977425,2586105,0.67,10,0.67,0.42,0.2
109118060,142437821,,NO,Mandatorio,,4,1,4,4,1.43,332906,1256314,22500,1611721,0.39,0.25,0.5,0,1319802,862986,4545,2187334,0.65,21,0.19,0.72,0.52
109293229,115944088,F,NO,Mandatorio,47,24,2,20,4,0.48,363058,610067,25867,998991,0.47,0.58,0.63,0.21,1372288,1730793,0,3103081,0.52,25,0.16,0.8,0.64
109745693,135086002,F,NO,Mandatorio,48,20,1,20,20,1.78,321345,3013430,125341,3460117,0.26,0.25,0.2,0.2,1413067,1806806,0,3219873,0.53,17,0.11,1.07,0.35
109791636,158698382,M,NO,Mandatorio,46,20,1,20,20,0.72,371177,602443,21893,995513,0.5,0.5,0.5,0,1403700,1368065,0,2771764,0.57,9,0.11,0.89,0.44
109905119,107387382,F,NO,Mandatorio,37,20,1,20,20,0.7,339743,555120,16378,911241,0.48,0.45,0.4,0.15,1303667,949322,0,2252989,0.65,15,0.28,0.78,0.4
109955566,106667659,F,NO,Mandatorio,50,24,2,17,7,1.31,346063,1756000,106985,2209047,0.28,0.42,0.38,0.04,1462580,2168888,0,3631468,0.51,16,0.16,0.98,0.31
110508913,132064490,F,NO,Mandatorio,52,12,2,6,6,1.89,363522,1901821,60713,2326055,0.42,0.42,0.42,0,1363323,1287889,0,2651212,0.6,35,0.41,0.77,0.63
111297398,137343282,M,NO,Mandatorio,51,23,3,13,3,0.69,363097,882009,19839,1264945,0.42,0.43,0.52,0.22,1216479,1522178,0,2738657,0.49,27,0.22,0.9,0.44
112281304,128807837,F,NO,Voluntario,50,11,1,11,11,,433255,0,381091,814345,0.58,0.27,0,1,961449,0,497964,1459413,0.67,8,1,0,0.25
112298339,215869660,F,NO,Voluntario,50,22,2,13,9,0.13,402561,0,231793,634355,0.74,0.55,0.77,0.68,1356823,0,355762,1712586,0.85,17,0.8,0.39,0.29
112298568,132744505,,NO,Mandatorio,,8,1,8,8,1.4,358031,1284053,111250,1753334,0.57,0.5,0.63,0,1158206,3026582,60870,4245658,0.34,25,0.13,1.11,0.6
112983333,013494241K,,NO,Mandatorio,,8,1,8,8,2,356461,1340622,15000,1712083,0.56,0.5,0.5,0,1298870,1035836,0,2334706,0.64,18,0.32,0.77,0.67
113023082,123615921,F,NO,Mandatorio,50,24,1,24,24,0.95,281153,1306829,23957,1611938,0.3,0.5,0.46,0.25,1390748,1411401,0,2802148,0.57,12,0.06,0.86,0.42
113644656,106667659,F,NO,Mandatorio,49,20,2,13,7,1,372740,696269,26147,1095156,0.45,0.45,0.35,0.05,1462580,2168888,0,3631468,0.51,16,0.16,0.98,0.31
114129542,152732112,,NO,Voluntario,,1,1,1,1,0.46,700000,0,900000,1600000,0.44,0,0,0,1900000,0,2100000,4000000,0.48,2,0,0.7,0
114133485,143489841,M,NO,Mandatorio,48,23,4,12,2,1.23,380768,1461967,71658,1914392,0.33,0.43,0.52,0,1384838,765846,174431,2325115,0.7,18,0.29,0.66,0.5
011425830K,152602022,,NO,Mandatorio,,8,1,8,8,1.15,351750,313661,11850,677260,0.7,0.5,0.5,0,1380027,650600,0,2030627,0.77,6,0.22,0.9,0.33
114793183,94726468,F,NO,Mandatorio,49,13,1,13,13,0.48,249272,592233,17393,858898,0.39,0.69,0.54,0.46,1480766,754817,809,2236392,0.75,28,0.48,0.61,0.5
115464531,106912122,F,NO,Mandatorio,48,12,1,12,12,1.81,364592,1473731,27785,1866107,0.43,0.42,0.58,0,1408105,722679,0,2130784,0.73,15,0.21,0.96,0.2
115488074,132744505,M,NO,Mandatorio,48,5,1,5,5,0.52,325229,279833,2978,608039,0.65,0.6,0.6,0,1158206,3026582,60870,4245658,0.34,25,0.13,1.11,0.6
115667564,130716911,F,NO,Voluntario,48,15,6,5,1,0.33,341996,0,384453,726450,0.65,0.6,0.73,0.27,1500000,0,1400000,2900000,0.52,4,0.5,0.42,0.25
116248212,007819829K,F,NO,Voluntario,48,24,1,24,24,,431005,0,180227,611232,0.74,0.5,0,1,2132663,0,512826,2645489,0.82,4,1,0,0.25
116279312,97019819,F,NO,Mandatorio,48,24,2,12,12,1.53,368319,2391966,75218,2835503,0.26,0.29,0.46,0.04,1427850,1611621,105006,3144478,0.59,8,0.15,1.39,0
116306611,94801133,F,NO,Voluntario,48,23,1,23,23,0.78,509875,0,1573881,2083756,0.43,0.65,0.61,0.26,1447558,0,1199943,2647501,0.64,12,0.42,0.4,0.5
116478293,107732845,,NO,Mandatorio,,4,1,4,4,1.1,332906,764751,36250,1133907,0.55,0.5,0.5,0,1528618,1420000,0,2948618,0.52,24,0.13,1.14,0.54
116746735,97019819,M,NO,Mandatorio,48,16,2,12,4,1.05,354664,935866,37734,1328264,0.43,0.5,0.56,0.06,1427850,1611621,105006,3144478,0.59,8,0.15,1.39,0
117040356,137343282,F,NO,Mandatorio,47,23,3,13,3,0.76,377973,810388,21930,1210291,0.43,0.61,0.43,0.17,1216479,1522178,0,2738657,0.49,27,0.22,0.9,0.44
117740153,94726468,F,NO,Mandatorio,47,24,4,9,1,0.73,363368,1097767,25738,1486872,0.37,0.5,0.54,0.38,1480766,754817,809,2236392,0.75,28,0.48,0.61,0.5
117782409,112352481,F,NO,Mandatorio,47,20,2,15,5,1.04,370776,1022092,31559,1424427,0.38,0.4,0.45,0,1435721,1518841,0,2954563,0.58,15,0.15,1.15,0.4
118128699,128866914,F,NO,Voluntario,47,9,3,4,1,0.5,350000,0,587382,937382,0.52,0.56,0.44,0.22,1501064,0,1346390,2847454,0.59,10,0.28,0.62,0.2
118156862,104714412,M,NO,Mandatorio,46,24,1,24,24,1.68,354710,2376114,44781,2775605,0.27,0.42,0.38,0.04,1491056,2252287,0,3743343,0.46,30,0.2,0.99,0.57
118377389,109588431,,NO,Voluntario,,4,1,4,4,0.59,350000,0,1181000,1531000,0.29,0.25,0.25,0,1474853,0,1361914,2836767,0.6,18,0.45,0.42,0.61
118506944,84649023,F,NO,Mandatorio,47,20,2,10,10,0.86,343522,1328621,37551,1709694,0.34,0.5,0.4,0.25,1503725,484667,0,1988392,0.81,21,0.6,0.53,0.52
118585798,137343282,F,NO,Mandatorio,47,23,1,23,23,0.71,335065,952215,56279,1343559,0.35,0.43,0.52,0.26,1216479,1522178,0,2738657,0.49,27,0.22,0.9,0.44
118612485,011834846K,F,NO,Mandatorio,47,21,5,9,1,0.87,378897,979547,97163,1455608,0.4,0.43,0.57,0.1,1248909,1541468,0,2790377,0.55,21,0.25,0.77,0.57
118631285,107732845,M,NO,Mandatorio,47,9,1,9,9,1.1,368407,403350,49425,821181,0.68,0.67,0.33,0.11,1528618,1420000,0,2948618,0.52,24,0.13,1.14,0.54
118722744,141029142,,NO,Mandatorio,,4,1,4,4,0.93,325266,696056,27500,1048822,0.47,0.5,0.5,0,1275451,809412,0,2084863,0.68,13,0.1,0.83,0.38
118897102,162505491,M,NO,Voluntario,47,1,1,1,1,0,800000,0,1400000,2200000,0.36,0,0,1,1319585,0,683768,2003353,0.76,17,0.36,0.38,0.59
011931397K,130116221,F,NO,Mandatorio,46,20,1,20,20,1.02,332877,994006,20765,1347648,0.37,0.45,0.4,0.15,1340258,2084978,0,3425235,0.45,21,0.38,0.63,0.62
119381215,013745498K,,NO,Mandatorio,,4,1,4,4,0.75,325266,374887,22500,722653,0.56,0.25,0.75,0,2004753,1690036,0,3694789,0.59,20,0.21,0.59,0.45
119693195,137343282,F,NO,Mandatorio,46,25,1,25,25,0.85,374727,765649,139910,1280286,0.41,0.52,0.56,0.04,1216479,1522178,0,2738657,0.49,27,0.22,0.9,0.44
120005936,152602022,F,NO,Mandatorio,46,27,4,13,1,1.36,375517,2013367,119912,2508797,0.28,0.37,0.44,0.04,1380027,650600,0,2030627,0.77,6,0.22,0.9,0.33
012013454K,121524422,,NO,Mandatorio,,1,1,1,1,0,385250,0,0,385250,1,0,0,1,1213041,1625177,0,2838218,0.51,17,0.32,0.84,0.41
120209515,94600480,F,NO,Voluntario,48,25,1,25,25,0.56,589817,0,1053617,1643434,0.49,0.72,0.56,0.32,1319661,0,1078781,2398441,0.61,5,0.37,0.44,0.6
120604376,91289555,F,NO,Voluntario,45,9,3,5,1,1.07,697407,0,1385954,2083361,0.4,0.44,0.56,0.11,1545177,0,857366,2402544,0.69,8,0.67,0.5,0.25
120732919,84649023,M,NO,Mandatorio,43,24,2,14,10,0.81,365723,1210603,63798,1640124,0.35,0.5,0.5,0.25,1503725,484667,0,1988392,0.81,21,0.6,0.53,0.52
121062631,013551439K,,NO,Mandatorio,,8,1,8,8,0.85,358031,693440,72516,1123987,0.61,0.63,0.5,0,1189709,2018462,0,3208171,0.44,39,0.16,0.69,0.59
012109701K,106667659,F,NO,Mandatorio,50,20,2,13,7,1.05,339807,1026300,19903,1386010,0.39,0.55,0.4,0.15,1462580,2168888,0,3631468,0.51,16,0.16,0.98,0.31
121116049,140164941,M,NO,Mandatorio,49,24,1,24,24,0.99,362748,1192089,23541,1578377,0.35,0.42,0.5,0,1520519,3408821,0,4929340,0.39,16,0.08,1.29,0.19
121446804,106912122,F,NO,Mandatorio,42,12,1,12,12,1.03,360497,732932,35099,1128528,0.57,0.5,0.5,0.08,1408105,722679,0,2130784,0.73,15,0.21,0.96,0.2
121450690,140164941,F,NO,Mandatorio,54,12,1,12,12,1.23,364592,1037769,38827,1441187,0.48,0.5,0.5,0,1520519,3408821,0,4929340,0.39,16,0.08,1.29,0.19
121681625,121524422,F,NO,Mandatorio,43,20,1,20,20,1.07,342080,1668229,47798,2058107,0.33,0.45,0.45,0.25,1213041,1625177,0,2838218,0.51,17,0.32,0.84,0.41
121710811,132327556,F,NO,Voluntario,46,10,3,5,1,0.47,350000,0,298456,648456,0.75,0.8,0.8,0.2,1608680,0,977425,2586105,0.67,10,0.67,0.42,0.2
121784750,104714412,F,NO,Mandatorio,46,20,1,20,20,1.32,370177,1532141,51512,1953830,0.34,0.4,0.45,0.05,1491056,2252287,0,3743343,0.46,30,0.2,0.99,0.57
012181353K,123053729,,NO,Mandatorio,,4,1,4,4,1.28,342328,910708,32500,1285536,0.43,0.25,0.5,0,1438363,2290055,17434,3745852,0.49,21,0.11,1.1,0.48
122154262,121524422,M,NO,Mandatorio,46,17,1,17,17,0.66,376479,495771,302550,1174800,0.58,0.59,0.59,0.29,1213041,1625177,0,2838218,0.51,17,0.32,0.84,0.41
122211827,158698382,M,NO,Mandatorio,46,12,1,12,12,1.46,359474,1162315,40433,1562221,0.46,0.5,0.58,0,1403700,1368065,0,2771764,0.57,9,0.11,0.89,0.44
122237680,121484943,F,NO,Voluntario,46,12,1,12,12,0.95,319589,0,664952,984541,0.55,0.58,0.67,0.17,1345560,0,765638,2111198,0.71,18,0.3,0.58,0.61
122376052,116070170,,NO,Voluntario,,1,1,1,1,0.1,270000,0,0,270000,1,0,0,0,875704,0,866130,1741834,0.55,25,0.75,0.25,0.4
123800591,123053729,,NO,Mandatorio,,4,1,4,4,1.36,342328,1084252,27500,1454080,0.41,0.5,0.25,0,1438363,2290055,17434,3745852,0.49,21,0.11,1.1,0.48
124012619,106656622,F,NO,Mandatorio,45,12,1,12,12,1.05,347818,843637,15101,1206557,0.54,0.67,0.5,0.17,1538081,1029202,0,2567282,0.66,10,0.31,0.82,0.3
124027179,013745498K,F,NO,Mandatorio,45,21,2,14,7,0.66,376085,685856,34756,1096697,0.48,0.57,0.57,0.1,2004753,1690036,0,3694789,0.59,20,0.21,0.59,0.45
124039797,012852066K,F,NO,Mandatorio,45,12,1,12,12,1.1,367663,698282,19696,1085640,0.51,0.42,0.5,0.08,1398546,1782728,0,3181274,0.54,22,0.26,0.9,0.45
124251893,107732845,F,NO,Mandatorio,45,12,1,12,12,1.55,366639,1666270,156958,2189867,0.42,0.42,0.42,0,1528618,1420000,0,2948618,0.52,24,0.13,1.14,0.54
124411149,141104977,,NO,Mandatorio,,8,1,8,8,1.87,338769,1144238,202500,1685506,0.56,0.5,0.38,0,1407329,1494549,0,2901878,0.56,13,0.19,1.05,0.46
124460263,132327556,F,NO,Voluntario,46,12,4,5,1,1.13,451274,0,114811,566085,0.89,0.83,0.92,0.75,1608680,0,977425,2586105,0.67,10,0.67,0.42,0.2
124510244,84649023,M,NO,Mandatorio,45,20,2,10,10,0.58,340283,626493,28278,995053,0.48,0.6,0.5,0.45,1503725,484667,0,1988392,0.81,21,0.6,0.53,0.52
124641977,134844604,,NO,Mandatorio,,4,1,4,4,1.2,445834,1062092,77500,1585426,0.44,0.25,0.5,0,1245460,1567982,0,2813441,0.52,17,0.13,0.87,0.18
124683858,012852066K,F,NO,Mandatorio,45,11,1,11,11,0.95,310154,504562,226482,1041198,0.65,0.64,0.36,0.27,1398546,1782728,0,3181274,0.54,22,0.26,0.9,0.45
124737419,138516571,,NO,Voluntario,,1,1,1,1,0.61,350000,0,0,350000,1,0,0,0,1504200,0,1225000,2729200,0.56,8,0.25,0.42,0
125040675,107732845,M,NO,Mandatorio,45,20,1,20,20,1.31,353013,2202970,28135,2584117,0.29,0.35,0.35,0.05,1528618,1420000,0,2948618,0.52,24,0.13,1.14,0.54
125181767,152732112,F,NO,Voluntario,44,24,4,13,1,0.95,553843,0,1301133,1854976,0.41,0.63,0.67,0.25,1900000,0,2100000,4000000,0.48,2,0,0.7,0
125399134,143489841,F,NO,Mandatorio,45,12,1,12,12,0.88,367663,581386,49771,998820,0.58,0.75,0.5,0.08,1384838,765846,174431,2325115,0.7,18,0.29,0.66,0.5
126379668,141289152,F,NO,Voluntario,44,19,4,8,1,0.14,605627,0,417973,1023600,0.65,0.68,0.79,0.79,1621128,0,304340,1925468,0.85,6,1,0.48,0.5
126427123,215869660,F,NO,Voluntario,45,18,3,10,3,0.27,375227,0,189002,564229,0.73,0.56,0.78,0.72,1356823,0,355762,1712586,0.85,17,0.8,0.39,0.29
126796005,107732845,M,NO,Mandatorio,43,20,1,20,20,0.85,304337,1204014,21185,1529537,0.35,0.6,0.45,0.3,1528618,1420000,0,2948618,0.52,24,0.13,1.14,0.54
126806663,94726468,F,NO,Mandatorio,49,16,1,16,16,0.55,381430,354532,14144,750106,0.61,0.63,0.44,0.13,1480766,754817,809,2236392,0.75,28,0.48,0.61,0.5
127010005,123053729,,NO,Mandatorio,,8,1,8,8,1.64,324357,739873,25738,1089967,0.63,0.63,0.38,0,1438363,2290055,17434,3745852,0.49,21,0.11,1.1,0.48
127536732,84649023,M,NO,Mandatorio,43,26,3,16,4,0.41,351536,719313,54609,1125458,0.46,0.46,0.62,0.38,1503725,484667,0,1988392,0.81,21,0.6,0.53,0.52
127549184,137343282,M,NO,Mandatorio,42,12,1,12,12,1.5,359474,1099838,26748,1486060,0.48,0.58,0.42,0.08,1216479,1522178,0,2738657,0.49,27,0.22,0.9,0.44
128052992,013745498K,F,NO,Mandatorio,43,20,2,13,7,0.77,370177,583000,41685,994862,0.49,0.5,0.5,0,2004753,1690036,0,3694789,0.59,20,0.21,0.59,0.45
128108890,107732845,,NO,Mandatorio,,8,1,8,8,1.85,353320,1228543,15000,1596863,0.57,0.5,0.5,0,1528618,1420000,0,2948618,0.52,24,0.13,1.14,0.54
012823294K,104714412,F,NO,Mandatorio,43,16,1,16,16,1.17,356484,1400888,43065,1800437,0.4,0.44,0.5,0.19,1491056,2252287,0,3743343,0.46,30,0.2,0.99,0.57
128367462,91289555,F,NO,Voluntario,43,21,4,12,2,0.65,260698,0,928379,1189077,0.55,0.62,0.62,0.52,1545177,0,857366,2402544,0.69,8,0.67,0.5,0.25
128501053,106912122,,NO,Mandatorio,,8,1,8,8,1.7,358031,935133,21875,1315039,0.59,0.63,0.38,0,1408105,722679,0,2130784,0.73,15,0.21,0.96,0.2
128745033,169647968,F,NO,Voluntario,44,15,3,11,1,0,446378,0,312174,758553,0.68,0.4,0,1,1124356,0,481245,1605601,0.73,20,0.95,0.15,0.2
128795057,140164941,F,NO,Mandatorio,42,12,1,12,12,1.71,336228,1682901,71923,2091053,0.42,0.42,0.42,0,1520519,3408821,0,4929340,0.39,16,0.08,1.29,0.19
128866914,139238249,F,NO,Voluntario,43,19,1,19,19,0.43,537105,0,1247448,1784553,0.4,0.58,0.58,0.42,1467571,0,1393354,2860924,0.58,12,0.5,0.47,0.42
128928235,153783977,F,NO,Voluntario,42,16,2,15,1,0,446659,0,347561,794220,0.68,0.5,0,1,1095422,0,535253,1630676,0.73,22,1,0,0.45
129055197,141104977,,NO,Mandatorio,,4,1,4,4,0.87,342328,524030,16510,882867,0.62,0.75,0.75,0,1407329,1494549,0,2901878,0.56,13,0.19,1.05,0.46
129066636,134844604,F,NO,Mandatorio,43,24,2,22,2,0.95,463776,1031649,56012,1551437,0.41,0.5,0.5,0.08,1245460,1567982,0,2813441,0.52,17,0.13,0.87,0.18
129115432,83284579,,NO,Voluntario,,2,1,2,2,0.07,700000,0,1000000,1700000,0.41,0,0.5,1,1540297,0,852097,2392394,0.7,22,0.47,0.34,0.68
129291869,119071224,F,NO,Voluntario,43,19,4,7,2,0.45,592439,0,866143,1458582,0.57,0.63,0.68,0.53,1480000,0,2500000,3980000,0.37,7,0.79,0.48,0
129633832,140164941,F,NO,Mandatorio,44,12,1,12,12,1.33,367663,968889,22369,1358921,0.49,0.42,0.58,0,1520519,3408821,0,4929340,0.39,16,0.08,1.29,0.19
129989211,143489841,,NO,Mandatorio,,4,1,4,4,0.66,332906,305691,242954,881551,0.61,0.5,0.5,0,1384838,765846,174431,2325115,0.7,18,0.29,0.66,0.5
130027474,143103064,F,NO,Mandatorio,42,20,1,20,20,1.72,372657,2242295,47248,2662200,0.3,0.35,0.55,0,1326378,1018314,0,2344692,0.62,11,0.08,0.96,0.18
013029295K,94801133,,NO,Voluntario,,1,1,1,1,0.81,303334,0,0,303334,1,0,0,0,1447558,0,1199943,2647501,0.64,12,0.42,0.4,0.5
130442692,141659596,,NO,Voluntario,,4,2,2,2,,466383,0,4128,470511,0.99,0.5,0,1,,,,,,8,0.42,0.39,0.38
130469760,94726468,M,NO,Mandatorio,42,20,3,13,2,0.59,375775,566083,22555,964413,0.51,0.5,0.5,0.1,1480766,754817,809,2236392,0.75,28,0.48,0.61,0.5
013102228K,013551439K,,NO,Mandatorio,,8,1,8,8,1.32,358031,1421206,70000,1849237,0.56,0.5,0.5,0,1189709,2018462,0,3208171,0.44,39,0.16,0.69,0.59
131207190,128304177,M,NO,Voluntario,42,21,2,15,6,0.34,368492,0,285078,653570,0.69,0.76,0.67,0.14,1461527,0,610416,2071944,0.74,15,0.52,0.39,0.53
131238010,119071224,,NO,Voluntario,,1,1,1,1,0,221666,0,0,221666,1,0,0,1,1480000,0,2500000,3980000,0.37,7,0.79,0.48,0
131442211,138516571,,NO,Voluntario,,1,1,1,1,0.03,350000,0,0,350000,1,0,0,1,1504200,0,1225000,2729200,0.56,8,0.25,0.42,0
131670281,143489841,,NO,Mandatorio,,4,1,4,4,1.33,325266,1129200,27500,1481965,0.4,0.25,0.5,0,1384838,765846,174431,2325115,0.7,18,0.29,0.66,0.5
131699352,143103064,F,NO,Mandatorio,41,12,1,12,12,0.95,364592,725986,35725,1126303,0.52,0.42,0.5,0,1326378,1018314,0,2344692,0.62,11,0.08,0.96,0.18
131724462,91289555,F,NO,Voluntario,41,10,4,5,1,0.75,683667,0,1446785,2130452,0.43,0.6,0.5,0.4,1545177,0,857366,2402544,0.69,8,0.67,0.5,0.25
131918410,116106698,,NO,Mandatorio,,4,1,4,4,0.65,326625,338852,15000,680477,0.64,0.5,0.5,0,1513161,922171,0,2435332,0.68,19,0.21,0.75,0.47
131955499,116070170,F,NO,Voluntario,40,22,1,22,22,0.79,460146,0,381075,841221,0.6,0.45,0.86,0.77,875704,0,866130,1741834,0.55,25,0.75,0.25,0.4
132128642,150045789,F,NO,Voluntario,41,10,1,10,10,0.57,501667,0,571509,1073175,0.62,0.6,0.5,0.2,1572899,0,206737,1779636,0.91,9,0.42,0.23,0.78
132177538,141104977,M,NO,Mandatorio,41,12,1,12,12,1.31,360497,1058338,181813,1600649,0.47,0.5,0.67,0,1407329,1494549,0,2901878,0.56,13,0.19,1.05,0.46
132263442,106912122,F,NO,Mandatorio,41,15,2,13,2,0.81,220117,1033534,28379,1282029,0.32,0.53,0.53,0.4,1408105,722679,0,2130784,0.73,15,0.21,0.96,0.2
013249827K,169647968,F,NO,Voluntario,41,2,1,2,2,0.99,452500,0,169283,621783,0.79,0.5,0.5,0,1124356,0,481245,1605601,0.73,20,0.95,0.15,0.2
132556962,012852066K,M,NO,Mandatorio,41,20,2,18,2,1.81,360965,2608920,31010,3000895,0.28,0.35,0.35,0,1398546,1782728,0,3181274,0.54,22,0.26,0.9,0.45
132577897,118897102,M,NO,Voluntario,41,19,2,16,3,0.36,515317,0,1260876,1776193,0.63,0.68,0.74,0.42,1373955,0,1204337,2578292,0.63,23,0.36,0.44,0.52
132685770,134844604,F,NO,Mandatorio,41,20,1,20,20,0.66,487894,567812,11520,1067226,0.6,0.45,0.5,0.1,1245460,1567982,0,2813441,0.52,17,0.13,0.87,0.18
132932239,94726468,,NO,Mandatorio,,8,1,8,8,1.47,350005,1006610,20000,1376615,0.59,0.5,0.5,0,1480766,754817,809,2236392,0.75,28,0.48,0.61,0.5
132978549,107732845,,NO,Mandatorio,,8,1,8,8,1.23,356461,577856,53498,987816,0.64,0.63,0.38,0,1528618,1420000,0,2948618,0.52,24,0.13,1.14,0.54
133005218,106667659,F,NO,Mandatorio,41,12,2,7,5,1.1,356403,630624,18278,1005305,0.53,0.42,0.67,0,1462580,2168888,0,3631468,0.51,16,0.16,0.98,0.31
133085262,123053729,F,NO,Mandatorio,41,23,2,15,8,0.89,375230,737618,39894,1152742,0.43,0.43,0.43,0.04,1438363,2290055,17434,3745852,0.49,21,0.11,1.1,0.48
013309640K,123053729,,NO,Mandatorio,,4,1,4,4,1.21,342328,830606,27500,1200434,0.44,0.25,0.5,0,1438363,2290055,17434,3745852,0.49,21,0.11,1.1,0.48
133230661,102168038,,NO,Voluntario,,1,1,1,1,0,350000,0,0,350000,1,0,0,1,1609600,0,1792240,3401840,0.55,2,0.5,0.86,0
133500383,141659596,F,NO,Voluntario,40,25,5,8,2,0.65,546209,0,1052413,1598622,0.49,0.6,0.6,0.32,,,,,,8,0.42,0.39,0.38
013352035K,140164941,F,NO,Mandatorio,40,24,1,24,24,0.94,372452,1233743,160137,1766333,0.36,0.5,0.5,0.04,1520519,3408821,0,4929340,0.39,16,0.08,1.29,0.19
133528148,140164941,M,NO,Mandatorio,39,12,1,12,12,1.39,364727,1437386,34764,1836877,0.44,0.58,0.5,0.08,1520519,3408821,0,4929340,0.39,16,0.08,1.29,0.19
134131446,139593952,M,NO,Mandatorio,40,25,5,8,1,0.67,351464,1100929,28032,1480425,0.39,0.6,0.6,0.44,1035008,4512766,0,5547774,0.19,12,0.44,0.58,0.42
134201347,121524422,F,NO,Mandatorio,44,16,1,16,16,0.87,341665,960303,76607,1378575,0.43,0.56,0.44,0.38,1213041,1625177,0,2838218,0.51,17,0.32,0.84,0.41
134486813,013494241K,,NO,Mandatorio,,6,1,6,6,1.34,364313,901994,20000,1286307,0.48,0.33,0.5,0,1298870,1035836,0,2334706,0.64,18,0.32,0.77,0.67
134571802,116070170,M,NO,Voluntario,40,9,1,9,9,0.6,445000,0,106111,551111,0.84,0.44,0.89,0.44,875704,0,866130,1741834,0.55,25,0.75,0.25,0.4
134613874,141289152,F,NO,Voluntario,40,18,3,9,2,1.48,474199,0,695330,1169529,0.51,0.61,0.78,0.67,1621128,0,304340,1925468,0.85,6,1,0.48,0.5
013474099K,014381629K,M,NO,Voluntario,40,25,4,8,3,0.54,387757,109909,605840,1103506,0.49,0.68,0.64,0.12,1269631,2380856,91363,3741850,0.39,14,0.28,0.58,0.57
135164119,155313382,,NO,Mandatorio,,4,1,4,4,0.6,332906,498363,83875,915144,0.55,0.5,0.25,0,1538205,585527,0,2123732,0.79,12,0.28,0.69,0.5
135484563,013551439K,,NO,Mandatorio,,8,1,8,8,1.08,358031,1136513,161250,1655795,0.57,0.5,0.5,0,1189709,2018462,0,3208171,0.44,39,0.16,0.69,0.59
135532630,135341797,M,NO,Mandatorio,39,22,1,22,22,0.64,371210,757171,44468,1172849,0.47,0.5,0.55,0.27,1217557,1306625,0,2524182,0.59,10,0.24,0.76,0.5
135616508,109588431,M,NO,Voluntario,39,13,2,9,4,0.84,363537,0,970750,1334287,0.31,0.46,0.54,0,1474853,0,1361914,2836767,0.6,18,0.45,0.42,0.61
135708461,121484943,,NO,Voluntario,,5,1,5,5,0.61,347667,0,180362,528029,0.76,0.8,0.6,0,1345560,0,765638,2111198,0.71,18,0.3,0.58,0.61
013574641K,121639750,F,NO,Mandatorio,43,12,2,9,3,1.9,367798,1720561,66364,2154722,0.42,0.42,0.42,0,1366173,2188296,0,3554469,0.47,11,0.09,1.32,0.27
135778664,135086002,M,NO,Mandatorio,39,20,1,20,20,1.07,352348,1081184,108887,1542418,0.38,0.4,0.5,0.1,1413067,1806806,0,3219873,0.53,17,0.11,1.07,0.35
135980080,140164941,,NO,Mandatorio,,8,1,8,8,2.08,358234,1308168,103125,1769527,0.56,0.5,0.5,0,1520519,3408821,0,4929340,0.39,16,0.08,1.29,0.19
135995959,140164941,M,NO,Mandatorio,39,24,1,24,24,1.01,366253,1136775,23169,1526197,0.36,0.46,0.38,0.04,1520519,3408821,0,4929340,0.39,16,0.08,1.29,0.19
136344005,118897102,,NO,Voluntario,,3,1,3,3,0.69,272222,0,318929,591151,0.7,0.67,0.33,0,1373955,0,1204337,2578292,0.63,23,0.36,0.44,0.52
136560859,153783977,,NO,Voluntario,,8,1,8,8,0,403125,0,431041,834166,0.58,0.25,0,1,1095422,0,535253,1630676,0.73,22,1,0,0.45
136581333,128866914,F,NO,Voluntario,39,22,3,14,4,1.34,439908,0,2276287,2716195,0.32,0.64,0.45,0.05,1501064,0,1346390,2847454,0.59,10,0.28,0.62,0.2
136778986,012852066K,M,NO,Mandatorio,39,16,1,16,16,0.57,361300,414642,17348,793290,0.58,0.56,0.56,0.31,1398546,1782728,0,3181274,0.54,22,0.26,0.9,0.45
137016478,132954186,F,NO,Mandatorio,39,12,3,8,1,1.25,334814,1036171,56114,1427099,0.47,0.5,0.33,0.25,1373320,1534267,30096,2937684,0.53,27,0.2,1.06,0.56
137035669,106912122,F,NO,Mandatorio,39,12,1,12,12,1.62,367663,1542468,24336,1934466,0.44,0.5,0.5,0,1408105,722679,0,2130784,0.73,15,0.21,0.96,0.2
137185873,106667659,F,NO,Mandatorio,39,16,2,9,7,1.18,369434,884005,26972,1280411,0.47,0.5,0.38,0.06,1462580,2168888,0,3631468,0.51,16,0.16,0.98,0.31
137283883,123053729,,NO,Mandatorio,,8,1,8,8,1.99,356461,1160237,26875,1543573,0.57,0.5,0.38,0,1438363,2290055,17434,3745852,0.49,21,0.11,1.1,0.48
137287676,112352481,,NO,Mandatorio,,4,1,4,4,0.79,342328,228324,20301,590953,0.73,0.75,0.5,0,1435721,1518841,0,2954563,0.58,15,0.15,1.15,0.4
137566257,134844604,F,NO,Mandatorio,38,20,1,20,20,0.87,484586,766320,16274,1267180,0.52,0.4,0.45,0.05,1245460,1567982,0,2813441,0.52,17,0.13,0.87,0.18
137577887,013745498K,F,NO,Mandatorio,37,12,2,7,5,0.92,360497,512464,15059,888020,0.62,0.67,0.58,0,2004753,1690036,0,3694789,0.59,20,0.21,0.59,0.45
137843595,112352481,,NO,Mandatorio,,8,1,8,8,2.03,356461,1211234,65625,1633320,0.57,0.5,0.25,0,1435721,1518841,0,2954563,0.58,15,0.15,1.15,0.4
138404501,215869660,M,NO,Voluntario,38,24,2,16,8,0.64,467763,0,519570,987332,0.56,0.5,0.92,0.75,1356823,0,355762,1712586,0.85,17,0.8,0.39,0.29
138465780,109588431,,NO,Voluntario,,1,1,1,1,0,233334,0,0,233334,1,0,0,1,1474853,0,1361914,2836767,0.6,18,0.45,0.42,0.61
138516571,010131121K,F,NO,Voluntario,38,11,3,7,1,0.48,617543,0,1234423,1851967,0.5,0.55,0.55,0,,,,,,10,0.4,0.53,0.1
138528626,97019819,F,NO,Mandatorio,38,14,2,10,4,1.52,362085,1264967,1045724,2672776,0.37,0.43,0.36,0.07,1427850,1611621,105006,3144478,0.59,8,0.15,1.39,0
138635422,141029142,M,NO,Mandatorio,38,13,1,13,13,0.89,381133,773937,22729,1177800,0.56,0.54,0.46,0.08,1275451,809412,0,2084863,0.68,13,0.1,0.83,0.38
138805468,121484943,F,NO,Voluntario,38,20,3,12,3,0.49,331095,0,530486,861580,0.58,0.65,0.65,0.3,1345560,0,765638,2111198,0.71,18,0.3,0.58,0.61
138847160,109588431,F,NO,Voluntario,38,19,2,14,5,0.74,329843,0,979623,1309466,0.49,0.58,0.53,0.21,1474853,0,1361914,2836767,0.6,18,0.45,0.42,0.61
013913043K,116070170,,NO,Voluntario,,3,1,3,3,0.29,405000,0,0,405000,1,0.33,0.67,0.33,875704,0,866130,1741834,0.55,25,0.75,0.25,0.4
139208269,014381629K,M,NO,Mandatorio,37,18,1,18,18,0.57,364496,889808,2166605,3420909,0.37,0.78,0.39,0.28,1269631,2380856,91363,3741850,0.39,14,0.28,0.58,0.57
139303350,138516571,,NO,Voluntario,,2,1,2,2,0.63,350000,0,1000000,1350000,0.26,0,0.5,0,1504200,0,1225000,2729200,0.56,8,0.25,0.42,0
139337336,132954186,F,NO,Mandatorio,38,12,1,12,12,0.96,340956,767753,25407,1134115,0.49,0.42,0.33,0.08,1373320,1534267,30096,2937684,0.53,27,0.2,1.06,0.56
139530349,153783977,F,NO,Voluntario,39,14,1,14,14,0,383056,0,202496,585552,0.78,0.64,0,1,1095422,0,535253,1630676,0.73,22,1,0,0.45
139604903,158698382,F,NO,Mandatorio,38,12,1,12,12,1.32,359474,1092289,79543,1531306,0.46,0.42,0.58,0,1403700,1368065,0,2771764,0.57,9,0.11,0.89,0.44
139856163,142437821,F,NO,Mandatorio,37,12,2,8,4,0.97,367663,531992,26687,926341,0.56,0.5,0.25,0.08,1319802,862986,4545,2187334,0.65,21,0.19,0.72,0.52
140052477,014381629K,F,NO,Mandatorio,40,25,1,25,25,0.76,367678,1435740,228334,2031752,0.36,0.52,0.48,0.16,1269631,2380856,91363,3741850,0.39,14,0.28,0.58,0.57
140231878,139636295,F,NO,Voluntario,37,17,3,8,2,0.23,311140,0,351894,663034,0.58,0.71,0.76,0.65,1623252,0,1398377,3021629,0.6,8,0.6,0.35,0.88
140261351,138516571,,NO,Voluntario,,2,1,2,2,0.62,350000,0,1400000,1750000,0.2,0,0.5,0,1504200,0,1225000,2729200,0.56,8,0.25,0.42,0
140811505,97042772,F,NO,Voluntario,37,16,1,16,16,0.8,947401,0,2023129,2970530,0.35,0.56,0.5,0.25,3062475,0,2643559,5706034,0.55,12,0.35,0.68,0.25
141484710,132954186,M,NO,Mandatorio,36,24,2,18,6,1.14,347409,1417709,47385,1812504,0.32,0.46,0.33,0.21,1373320,1534267,30096,2937684,0.53,27,0.2,1.06,0.56
141552996,012852066K,F,NO,Mandatorio,37,16,1,16,16,0.77,311575,917073,54580,1283228,0.45,0.63,0.44,0.25,1398546,1782728,0,3181274,0.54,22,0.26,0.9,0.45
141759027,215869660,M,NO,Voluntario,37,26,2,15,11,0.45,468135,0,579464,1047599,0.5,0.65,0.69,0.38,1356823,0,355762,1712586,0.85,17,0.8,0.39,0.29
141824988,141029142,F,NO,Mandatorio,37,21,1,21,21,0.61,359450,516711,13417,889578,0.54,0.62,0.52,0.1,1275451,809412,0,2084863,0.68,13,0.1,0.83,0.38
141840274,132954186,M,NO,Mandatorio,37,16,1,16,16,1.23,370912,1090902,54343,1516157,0.45,0.44,0.31,0.13,1373320,1534267,30096,2937684,0.53,27,0.2,1.06,0.56
141868934,169647968,,NO,Voluntario,,1,1,1,1,,150000,0,0,150000,1,0,0,1,1124356,0,481245,1605601,0.73,20,0.95,0.15,0.2
014188882K,116070170,M,NO,Voluntario,36,26,2,23,3,0.78,463062,0,292000,755062,0.66,0.38,0.92,0.81,875704,0,866130,1741834,0.55,25,0.75,0.25,0.4
142484277,97042772,,NO,Voluntario,,6,1,6,6,0.39,974585,0,2289628,3264213,0.39,0.33,0.5,0.5,3062475,0,2643559,5706034,0.55,12,0.35,0.68,0.25
142888386,130716911,M,NO,Voluntario,44,19,3,16,1,0.41,410572,0,366319,776890,0.64,0.58,0.53,0.11,1500000,0,1400000,2900000,0.52,4,0.5,0.42,0.25
142936054,135086002,M,NO,Mandatorio,43,23,1,23,23,1.17,373704,1051029,25258,1449992,0.39,0.57,0.48,0.04,1413067,1806806,0,3219873,0.53,17,0.11,1.07,0.35
143065472,141029142,,NO,Mandatorio,,8,1,8,8,0.9,358031,239917,17500,615448,0.71,0.5,0.5,0,1275451,809412,0,2084863,0.68,13,0.1,0.83,0.38
143319652,140164941,,NO,Mandatorio,,8,1,8,8,2.27,358234,1654033,33750,2046017,0.55,0.5,0.75,0,1520519,3408821,0,4929340,0.39,16,0.08,1.29,0.19
143321401,106667659,M,NO,Mandatorio,41,12,1,12,12,1.49,364592,1187383,25615,1577590,0.47,0.5,0.33,0.08,1462580,2168888,0,3631468,0.51,16,0.16,0.98,0.31
143489841,128304177,M,NO,Voluntario,38,6,1,6,6,0.84,336389,0,929393,1265782,0.48,0.5,0.5,0,1461527,0,610416,2071944,0.74,15,0.52,0.39,0.53
143534979,107387382,F,NO,Mandatorio,39,20,1,20,20,0.48,363625,490159,17772,871556,0.52,0.4,0.55,0.25,1303667,949322,0,2252989,0.65,15,0.28,0.78,0.4
143570436,106667659,F,NO,Mandatorio,38,24,2,17,7,1.16,356447,1316177,34246,1706871,0.35,0.42,0.33,0.21,1462580,2168888,0,3631468,0.51,16,0.16,0.98,0.31
143840980,129731656,F,NO,Voluntario,38,17,3,12,1,0.17,355966,0,108255,464221,0.83,0.65,0.41,0.41,1547755,0,391738,1939494,0.81,7,0.57,0.28,0.29
144049233,130116221,F,NO,Mandatorio,49,24,1,24,24,0.86,355017,1007812,32372,1395200,0.37,0.54,0.46,0.13,1340258,2084978,0,3425235,0.45,21,0.38,0.63,0.62
144420713,128304177,,NO,Voluntario,,1,1,1,1,0.63,566666,0,3300000,3866666,0.15,0,0,0,1461527,0,610416,2071944,0.74,15,0.52,0.39,0.53
144588045,152602022,M,NO,Mandatorio,46,24,4,10,1,0.93,362186,1045468,27282,1434936,0.37,0.46,0.5,0.13,1380027,650600,0,2030627,0.77,6,0.22,0.9,0.33
145196671,142437821,F,NO,Mandatorio,40,24,2,22,2,1.46,359114,1759482,83741,2202337,0.3,0.38,0.42,0,1319802,862986,4545,2187334,0.65,21,0.19,0.72,0.52
145216230,129731656,,NO,Voluntario,,2,1,2,2,0.02,315000,0,0,315000,1,0.5,0.5,1,1547755,0,391738,1939494,0.81,7,0.57,0.28,0.29
146319351,116106698,,NO,Mandatorio,,4,1,4,4,1.08,332906,847201,22500,1202607,0.46,0.5,0.5,0,1513161,922171,0,2435332,0.68,19,0.21,0.75,0.47
146639623,132954186,,NO,Mandatorio,,4,1,4,4,1,342328,511598,15000,868926,0.63,0.5,0.5,0,1373320,1534267,30096,2937684,0.53,27,0.2,1.06,0.56
150072654,012852066K,M,NO,Mandatorio,36,16,1,16,16,0.99,321761,1252672,24066,1598499,0.39,0.5,0.5,0.13,1398546,1782728,0,3181274,0.54,22,0.26,0.9,0.45
150246164,135341797,F,NO,Mandatorio,36,21,1,21,21,0.59,372994,524096,23171,920261,0.52,0.48,0.48,0.14,1217557,1306625,0,2524182,0.59,10,0.24,0.76,0.5
150266580,141104977,F,NO,Mandatorio,41,14,2,12,2,0.9,339393,653066,24743,1017202,0.57,0.5,0.43,0.14,1407329,1494549,0,2901878,0.56,13,0.19,1.05,0.46
150525969,013745498K,M,NO,Mandatorio,35,12,2,7,5,1.32,364592,1066715,23380,1454686,0.48,0.58,0.33,0,2004753,1690036,0,3694789,0.59,20,0.21,0.59,0.45
150828333,106912122,F,NO,Mandatorio,38,12,1,12,12,1.35,365615,1202610,124237,1692462,0.45,0.42,0.5,0,1408105,722679,0,2130784,0.73,15,0.21,0.96,0.2
150966671,106912122,F,NO,Mandatorio,36,16,2,14,2,1.11,361246,1078686,153949,1593881,0.42,0.63,0.5,0.06,1408105,722679,0,2130784,0.73,15,0.21,0.96,0.2
150988519,156398306,,NO,Voluntario,,4,1,4,4,0.78,317917,0,43005,360922,0.9,0.5,0.75,0,1502674,0,1161755,2664430,0.63,5,0.54,0.47,0.6
151173284,128807837,,NO,Voluntario,,5,1,5,5,,423000,0,356000,779000,0.62,0.4,0,1,961449,0,497964,1459413,0.67,8,1,0,0.25
151225284,104714412,M,NO,Mandatorio,36,24,1,24,24,1.76,358020,3002694,66136,3426849,0.24,0.38,0.42,0,1491056,2252287,0,3743343,0.46,30,0.2,0.99,0.57
151299636,140164941,F,NO,Mandatorio,36,16,1,16,16,1.32,370931,1306988,27677,1705596,0.39,0.31,0.44,0,1520519,3408821,0,4929340,0.39,16,0.08,1.29,0.19
151502903,013551439K,,NO,Mandatorio,,8,1,8,8,1.76,358031,1892146,142500,2392678,0.54,0.5,0.5,0,1189709,2018462,0,3208171,0.44,39,0.16,0.69,0.59
151703542,63701866,M,NO,Voluntario,36,25,2,19,6,0.37,973092,0,1908926,2882018,0.34,0.44,0.64,0.52,1706800,0,1988160,3694960,0.47,2,0.5,0.81,0
151798225,128866914,M,NO,Voluntario,35,26,5,7,4,0.45,421886,0,571025,992911,0.65,0.73,0.62,0.27,1501064,0,1346390,2847454,0.59,10,0.28,0.62,0.2
151808468,119071224,F,NO,Voluntario,36,18,3,12,2,1.51,456380,0,2237659,2694040,0.29,0.67,0.61,0.11,1480000,0,2500000,3980000,0.37,7,0.79,0.48,0
151888259,130116221,F,NO,Mandatorio,36,26,1,26,26,0.91,367945,920897,48423,1337264,0.43,0.5,0.5,0.08,1340258,2084978,0,3425235,0.45,21,0.38,0.63,0.62
152235658,128866914,F,NO,Voluntario,35,26,3,14,4,1.34,421226,0,2540582,2961808,0.29,0.65,0.58,0.19,1501064,0,1346390,2847454,0.59,10,0.28,0.62,0.2
152240007,107387382,M,NO,Mandatorio,35,19,1,19,19,0.72,270924,1104815,40490,1416230,0.33,0.42,0.53,0.42,1303667,949322,0,2252989,0.65,15,0.28,0.78,0.4
152617216,137343282,F,NO,Mandatorio,36,16,3,7,3,0.74,373926,592544,73426,1039896,0.49,0.5,0.44,0,1216479,1522178,0,2738657,0.49,27,0.22,0.9,0.44
152635192,132064490,M,NO,Mandatorio,34,20,4,9,2,0.6,374912,872135,10129,1257176,0.46,0.6,0.55,0.5,1363323,1287889,0,2651212,0.6,35,0.41,0.77,0.63
152994982,143489841,,NO,Mandatorio,,4,1,4,4,0.74,325266,350612,22500,698378,0.64,0.5,0.25,0,1384838,765846,174431,2325115,0.7,18,0.29,0.66,0.5
153048681,115944088,,NO,Mandatorio,,4,1,4,4,0.71,325266,412895,15169,753330,0.65,0.5,0.25,0.25,1372288,1730793,0,3103081,0.52,25,0.16,0.8,0.64
153066124,74808816,M,NO,Mandatorio,36,12,2,6,6,0.97,362312,849070,70034,1281416,0.5,0.5,0.58,0,1984280,605217,0,2589497,0.79,12,0.28,0.55,0.75
153128367,118897102,M,NO,Voluntario,36,20,2,13,7,0.54,529836,0,1620722,2150559,0.5,0.6,0.75,0.25,1373955,0,1204337,2578292,0.63,23,0.36,0.44,0.52
015316505K,104714412,M,NO,Mandatorio,34,12,1,12,12,1.22,367663,1008428,27896,1403986,0.47,0.42,0.42,0,1491056,2252287,0,3743343,0.46,30,0.2,0.99,0.57
153219354,67196600,F,NO,Voluntario,36,16,2,12,4,0.74,350676,0,642420,993096,0.57,0.75,0.69,0.13,1366979,0,1222167,2589146,0.63,18,0.7,0.29,0.78
153363692,140919179,M,NO,Mandatorio,36,12,2,10,2,0.91,487500,598940,14559,1100999,0.58,0.42,0.67,0,871250,588964,0,1460214,0.63,12,0.33,0.78,0.25
153428352,012852066K,F,NO,Mandatorio,35,12,1,12,12,1.32,342305,1041615,20009,1403928,0.47,0.5,0.42,0.08,1398546,1782728,0,3181274,0.54,22,0.26,0.9,0.45
153479984,156530999,F,NO,Mandatorio,36,24,2,14,10,0.62,301131,789864,18563,1109559,0.41,0.54,0.54,0.33,1429171,1084693,0,2513864,0.69,13,0.18,0.83,0.62
153504644,132744505,M,NO,Mandatorio,36,16,1,16,16,1.44,359641,2157791,153686,2671119,0.33,0.38,0.44,0,1158206,3026582,60870,4245658,0.34,25,0.13,1.11,0.6
153772614,132064490,F,NO,Mandatorio,36,16,2,12,4,1.12,309299,1359984,37993,1707276,0.36,0.5,0.38,0.25,1363323,1287889,0,2651212,0.6,35,0.41,0.77,0.63
015382942K,132954186,M,NO,Mandatorio,35,16,2,15,1,1.47,367860,1520971,30567,1919398,0.37,0.38,0.44,0,1373320,1534267,30096,2937684,0.53,27,0.2,1.06,0.56
153832102,012238263K,M,NO,Voluntario,35,25,4,8,4,0.88,556693,0,1469776,2026469,0.53,0.56,0.72,0.28,1552686,0,2418813,3971499,0.45,6,0.61,0.4,0.67
153838534,012238263K,M,NO,Voluntario,35,7,1,7,7,0.3,1016738,0,2370129,3386868,0.4,0.57,0.71,0.71,1552686,0,2418813,3971499,0.45,6,0.61,0.4,0.67
153925119,011834846K,F,NO,Mandatorio,36,26,2,16,10,0.81,376170,1193457,237617,1807243,0.35,0.58,0.58,0.12,1248909,1541468,0,2790377,0.55,21,0.25,0.77,0.57
153989052,140919179,F,NO,Mandatorio,36,25,3,12,2,0.79,473601,675498,38975,1188074,0.59,0.52,0.52,0.28,871250,588964,0,1460214,0.63,12,0.33,0.78,0.25
154036563,84649023,M,NO,Mandatorio,35,12,1,12,12,0.69,365615,520847,19317,905779,0.59,0.67,0.5,0.08,1503725,484667,0,1988392,0.81,21,0.6,0.53,0.52
154099565,132744505,,NO,Mandatorio,,8,1,8,8,1.81,358031,2166771,95000,2619802,0.54,0.5,0.5,0,1158206,3026582,60870,4245658,0.34,25,0.13,1.11,0.6
154155171,140919179,,NO,Mandatorio,,4,2,2,2,0.84,429167,829640,22500,1281306,0.49,0.5,0.5,0,871250,588964,0,1460214,0.63,12,0.33,0.78,0.25
154201378,130116221,,NO,Mandatorio,,8,1,8,8,0.52,247272,176469,14375,438116,0.81,0.75,0.5,0.38,1340258,2084978,0,3425235,0.45,21,0.38,0.63,0.62
154290133,107732845,,NO,Mandatorio,,8,1,8,8,1.47,358031,889356,17500,1264887,0.6,0.5,0.38,0,1528618,1420000,0,2948618,0.52,24,0.13,1.14,0.54
154527885,134844604,F,NO,Mandatorio,36,12,1,12,12,0.59,433333,413406,9938,856678,0.69,0.58,0.58,0.17,1245460,1567982,0,2813441,0.52,17,0.13,0.87,0.18
154729941,140919179,,NO,Mandatorio,,8,4,4,1,1.48,371896,850938,14880,1237714,0.61,0.5,0.38,0,871250,588964,0,1460214,0.63,12,0.33,0.78,0.25
155074477,134844604,F,NO,Mandatorio,35,24,1,24,24,0.95,501592,1045319,84306,1631218,0.44,0.38,0.29,0.08,1245460,1567982,0,2813441,0.52,17,0.13,0.87,0.18
155241926,97042772,,NO,Voluntario,,8,1,8,8,1.51,944369,0,3854740,4799109,0.2,0.63,0.38,0.13,3062475,0,2643559,5706034,0.55,12,0.35,0.68,0.25
155518006,97042772,M,NO,Voluntario,32,17,1,17,17,0.48,941974,0,1662049,2604022,0.42,0.41,0.65,0.29,3062475,0,2643559,5706034,0.55,12,0.35,0.68,0.25
155607947,116106698,,NO,Mandatorio,,8,1,8,8,1.3,358031,600190,28750,986971,0.62,0.5,0.38,0,1513161,922171,0,2435332,0.68,19,0.21,0.75,0.47
155647698,158698382,M,NO,Mandatorio,35,16,1,16,16,0.76,361887,674835,42269,1078991,0.47,0.44,0.5,0,1403700,1368065,0,2771764,0.57,9,0.11,0.89,0.44
155667850,132064490,,NO,Mandatorio,,8,2,6,2,1.56,319506,1191815,15000,1526321,0.56,0.5,0.25,0.13,1363323,1287889,0,2651212,0.6,35,0.41,0.77,0.63
155913282,129731656,M,NO,Voluntario,35,12,2,8,4,0.53,605150,0,1328583,1933733,0.57,0.67,0.83,0.33,1547755,0,391738,1939494,0.81,7,0.57,0.28,0.29
156151793,112352481,M,NO,Mandatorio,34,12,1,12,12,1.99,359474,1853413,29511,2242398,0.42,0.42,0.33,0,1435721,1518841,0,2954563,0.58,15,0.15,1.15,0.4
156196576,134844604,F,NO,Mandatorio,35,25,1,25,25,0.49,473194,395054,10808,879057,0.62,0.44,0.44,0.2,1245460,1567982,0,2813441,0.52,17,0.13,0.87,0.18
156302880,97019819,F,NO,Mandatorio,35,24,2,12,12,1.43,333214,1931870,37192,2302276,0.28,0.33,0.42,0.04,1427850,1611621,105006,3144478,0.59,8,0.15,1.39,0
156328952,012852066K,,NO,Mandatorio,,8,1,8,8,1.76,358031,1338712,24375,1721118,0.46,0.5,0.38,0,1398546,1782728,0,3181274,0.54,22,0.26,0.9,0.45
156381500,63701866,F,NO,Voluntario,35,16,2,10,6,1.25,978734,0,3448396,4427130,0.27,0.75,0.44,0.13,1706800,0,1988160,3694960,0.47,2,0.5,0.81,0
156618373,107732845,,NO,Mandatorio,,4,1,4,4,1.45,342328,1121590,22500,1486419,0.41,0.5,0.25,0,1528618,1420000,0,2948618,0.52,24,0.13,1.14,0.54
156651281,153783977,F,NO,Voluntario,34,14,1,14,14,0,444812,0,368124,812936,0.62,0.43,0,1,1095422,0,535253,1630676,0.73,22,1,0,0.45
156681636,140919179,,NO,Mandatorio,,4,2,2,2,0.97,429167,843228,12421,1284815,0.48,0.25,0.5,0,871250,588964,0,1460214,0.63,12,0.33,0.78,0.25
156788848,132064490,M,NO,Mandatorio,35,24,2,14,10,0.61,370896,672474,25052,1068422,0.48,0.54,0.46,0.21,1363323,1287889,0,2651212,0.6,35,0.41,0.77,0.63
156869430,158698382,F,NO,Mandatorio,35,20,1,20,20,1.14,354935,1176649,23387,1554971,0.36,0.35,0.5,0.05,1403700,1368065,0,2771764,0.57,9,0.11,0.89,0.44
157357204,94801133,M,NO,Voluntario,35,12,1,12,12,0.62,362502,0,687195,1049698,0.52,0.58,0.58,0.08,1447558,0,1199943,2647501,0.64,12,0.42,0.4,0.5
157523570,116106698,F,NO,Mandatorio,34,19,3,8,4,0.52,273895,677587,7801,959283,0.43,0.68,0.74,0.68,1513161,922171,0,2435332,0.68,19,0.21,0.75,0.47
157761986,84649023,M,NO,Mandatorio,34,11,2,6,5,0.8,333503,620695,35253,989450,0.52,0.45,0.36,0.18,1503725,484667,0,1988392,0.81,21,0.6,0.53,0.52
157983393,140919179,F,NO,Mandatorio,34,12,2,10,2,0.49,484722,263817,10679,759218,0.76,0.67,0.5,0.17,871250,588964,0,1460214,0.63,12,0.33,0.78,0.25
015801923K,137567415,F,NO,Voluntario,34,9,2,7,2,,476012,0,88330,564342,0.9,0.78,0,1,1474680,0,1792980,3267660,0.53,11,0.46,0.39,0.45
158057638,162505491,M,NO,Voluntario,34,21,4,11,2,0.56,493728,0,662774,1156503,0.51,0.43,0.67,0.1,1319585,0,683768,2003353,0.76,17,0.36,0.38,0.59
158221683,107732845,,NO,Mandatorio,,4,1,4,4,0.94,342328,586087,50000,978415,0.49,0.5,0.5,0,1528618,1420000,0,2948618,0.52,24,0.13,1.14,0.54
158258757,132064490,M,NO,Mandatorio,34,16,2,12,4,0.45,373926,349305,33738,756969,0.59,0.63,0.5,0.19,1363323,1287889,0,2651212,0.6,35,0.41,0.77,0.63
158296985,121484943,,NO,Voluntario,,3,1,3,3,0.93,700000,0,1272000,1972000,0.36,0.67,0.67,0,1345560,0,765638,2111198,0.71,18,0.3,0.58,0.61
158351196,140164941,F,NO,Mandatorio,34,16,1,16,16,1.47,364295,1544493,40183,1948971,0.37,0.44,0.5,0,1520519,3408821,0,4929340,0.39,16,0.08,1.29,0.19
158432781,132954186,F,NO,Mandatorio,33,12,1,12,12,1.6,358031,1540391,27938,1926360,0.43,0.42,0.42,0,1373320,1534267,30096,2937684,0.53,27,0.2,1.06,0.56
158440822,169647968,F,NO,Voluntario,35,25,3,13,1,0,444831,0,238757,683588,0.75,0.64,0,1,1124356,0,481245,1605601,0.73,20,0.95,0.15,0.2
158727714,169647968,F,NO,Voluntario,33,15,3,11,1,0,433378,0,380694,814073,0.62,0.4,0,1,1124356,0,481245,1605601,0.73,20,0.95,0.15,0.2
158837013,119071224,F,NO,Voluntario,34,10,3,4,2,0.39,512680,0,868996,1381676,0.49,0.6,0.5,0.4,1480000,0,2500000,3980000,0.37,7,0.79,0.48,0
159044432,137343282,M,NO,Mandatorio,33,24,3,14,3,0.53,365971,770443,10021,1146436,0.44,0.67,0.58,0.54,1216479,1522178,0,2738657,0.49,27,0.22,0.9,0.44
159115054,138516571,,NO,Voluntario,,2,1,2,2,0.2,350000,0,809199,1159199,0.47,0.5,0.5,0.5,1504200,0,1225000,2729200,0.56,8,0.25,0.42,0
159293653,013494241K,F,NO,Mandatorio,32,20,1,20,20,0.93,327731,1111433,26202,1465366,0.38,0.45,0.35,0.15,1298870,1035836,0,2334706,0.64,18,0.32,0.77,0.67
159341747,128304177,,NO,Voluntario,,1,1,1,1,0.73,350000,0,1024000,1374000,0.25,0,0,0,1461527,0,610416,2071944,0.74,15,0.52,0.39,0.53
159368408,132827486,M,NO,Voluntario,34,21,3,11,3,0.75,358774,0,994929,1353703,0.56,0.67,0.67,0.24,1350745,0,1684724,3035469,0.49,21,0.32,0.57,0.67
159485455,106656622,M,NO,Mandatorio,33,20,1,20,20,0.57,370776,716452,19403,1106631,0.46,0.55,0.55,0.45,1538081,1029202,0,2567282,0.66,10,0.31,0.82,0.3
160130067,013551439K,,NO,Mandatorio,,8,1,8,8,0.8,358031,440766,52520,851317,0.67,0.5,0.5,0,1189709,2018462,0,3208171,0.44,39,0.16,0.69,0.59
160157461,89666937,F,NO,Voluntario,33,20,1,20,20,0.85,362985,0,1866346,2229330,0.35,0.6,0.6,0.1,1428688,0,1661724,3090411,0.58,22,0.29,0.54,0.73
016029731K,132064490,,NO,Mandatorio,,8,1,8,8,1.18,358031,563408,15000,936440,0.63,0.5,0.5,0,1363323,1287889,0,2651212,0.6,35,0.41,0.77,0.63
160411953,132744505,,NO,Mandatorio,,8,1,8,8,1.79,358031,2030537,107500,2496068,0.54,0.5,0.5,0,1158206,3026582,60870,4245658,0.34,25,0.13,1.11,0.6
016057125K,150045789,F,NO,Voluntario,33,14,1,14,14,0.36,350037,0,253277,603314,0.7,0.64,0.5,0.21,1572899,0,206737,1779636,0.91,9,0.42,0.23,0.78
160617586,123615921,F,NO,Mandatorio,33,24,1,24,24,0.95,357787,851159,33130,1242077,0.4,0.42,0.42,0.04,1390748,1411401,0,2802148,0.57,12,0.06,0.86,0.42
160828382,153783977,F,NO,Voluntario,33,12,1,12,12,0,429650,0,390634,820284,0.61,0.42,0,1,1095422,0,535253,1630676,0.73,22,1,0,0.45
160887087,132954186,F,NO,Mandatorio,32,16,1,16,16,0.76,370182,1018996,21824,1411002,0.45,0.63,0.44,0.44,1373320,1534267,30096,2937684,0.53,27,0.2,1.06,0.56
160935057,013551439K,,NO,Mandatorio,,4,1,4,4,1.58,325266,1898629,362940,2586835,0.33,0.25,0.5,0,1189709,2018462,0,3208171,0.44,39,0.16,0.69,0.59
161025992,128304177,,NO,Voluntario,,3,1,3,3,0,443421,0,0,443421,1,0.33,0,1,1461527,0,610416,2071944,0.74,15,0.52,0.39,0.53
161117501,137343282,,NO,Mandatorio,,8,1,8,8,1.65,350180,927521,15000,1292701,0.59,0.5,0.5,0,1216479,1522178,0,2738657,0.49,27,0.22,0.9,0.44
161128570,137343282,F,NO,Mandatorio,33,12,1,12,12,1.63,367663,1386864,25900,1780427,0.43,0.33,0.58,0,1216479,1522178,0,2738657,0.49,27,0.22,0.9,0.44
016142224K,141029142,F,NO,Mandatorio,33,21,1,21,21,0.52,237902,745737,65753,1049393,0.37,0.71,0.62,0.52,1275451,809412,0,2084863,0.68,13,0.1,0.83,0.38
161534943,107387382,M,NO,Mandatorio,33,16,1,16,16,1.09,374141,1052924,26043,1453108,0.43,0.56,0.69,0.06,1303667,949322,0,2252989,0.65,15,0.28,0.78,0.4
161545066,118897102,,NO,Voluntario,,7,1,7,7,0.35,350000,0,430767,780767,0.55,0.43,0.57,0.29,1373955,0,1204337,2578292,0.63,23,0.36,0.44,0.52
161594040,137343282,F,NO,Mandatorio,33,19,3,9,3,0.34,356938,421298,99142,877379,0.54,0.58,0.68,0.42,1216479,1522178,0,2738657,0.49,27,0.22,0.9,0.44
161705268,94726468,F,NO,Mandatorio,33,16,1,16,16,1.17,285923,1772400,44256,2102580,0.33,0.5,0.38,0.31,1480766,754817,809,2236392,0.75,28,0.48,0.61,0.5
161747572,153783977,F,NO,Voluntario,33,10,1,10,10,0,450000,0,586398,1036398,0.5,0.2,0,1,1095422,0,535253,1630676,0.73,22,1,0,0.45
161847402,137343282,F,NO,Mandatorio,33,16,3,7,3,0.69,373926,508160,24281,906368,0.54,0.5,0.44,0,1216479,1522178,0,2738657,0.49,27,0.22,0.9,0.44
162005057,116106698,M,NO,Mandatorio,32,16,3,8,4,0.75,369434,434138,16277,819849,0.57,0.63,0.63,0,1513161,922171,0,2435332,0.68,19,0.21,0.75,0.47
162174681,77684387,F,NO,Voluntario,33,8,1,8,8,0.31,396648,0,166861,563509,0.69,0.63,0.63,0.25,1282224,0,644481,1926705,0.68,7,0.22,0.23,0.43
162204858,135086002,F,NO,Mandatorio,33,20,1,20,20,1.05,340864,1083843,26891,1451598,0.37,0.4,0.4,0.15,1413067,1806806,0,3219873,0.53,17,0.11,1.07,0.35
162496166,139593952,,NO,Mandatorio,,2,2,1,1,0,309721,0,0,309721,1,0.5,0,1,1035008,4512766,0,5547774,0.19,12,0.44,0.58,0.42
162601091,130116221,F,NO,Mandatorio,32,17,1,17,17,1.24,377961,1057721,28110,1463792,0.44,0.41,0.53,0.06,1340258,2084978,0,3425235,0.45,21,0.38,0.63,0.62
162660772,107732845,,NO,Mandatorio,,4,1,4,4,1.39,332906,965191,244848,1542945,0.48,0.5,0.5,0,1528618,1420000,0,2948618,0.52,24,0.13,1.14,0.54
162662686,97019819,M,NO,Mandatorio,32,16,2,12,4,1.85,365538,2105141,55014,2525693,0.34,0.25,0.31,0,1427850,1611621,105006,3144478,0.59,8,0.15,1.39,0
162724053,98762655,,NO,Voluntario,,13,2,10,3,0.07,454475,0,85200,539675,0.87,0.54,0.85,0.85,1173564,0,816000,1989564,0.69,20,0.87,0.14,0.4
162737252,140164941,F,NO,Mandatorio,32,18,1,18,18,0.56,238236,748270,19281,1005786,0.33,0.61,0.56,0.5,1520519,3408821,0,4929340,0.39,16,0.08,1.29,0.19
162789120,013494241K,F,NO,Mandatorio,32,16,1,16,16,0.64,365689,714191,35300,1115181,0.49,0.5,0.5,0.19,1298870,1035836,0,2334706,0.64,18,0.32,0.77,0.67
162826840,010131121K,,NO,Voluntario,,1,1,1,1,0,606666,0,800000,1406666,0.43,0,0,1,,,,,,10,0.4,0.53,0.1
163673460,97042772,,NO,Voluntario,,6,1,6,6,0.56,976104,0,1767038,2743142,0.37,0.83,0.33,0,3062475,0,2643559,5706034,0.55,12,0.35,0.68,0.25
163892618,140919179,M,NO,Mandatorio,32,16,3,12,2,0.49,434666,445890,51001,931557,0.66,0.63,0.63,0.25,871250,588964,0,1460214,0.63,12,0.33,0.78,0.25
163950251,123615921,F,NO,Mandatorio,32,27,1,27,27,1.19,373316,1380185,36517,1790019,0.32,0.44,0.48,0,1390748,1411401,0,2802148,0.57,12,0.06,0.86,0.42
164157083,132064490,,NO,Mandatorio,,8,1,8,8,1.31,358031,602221,15000,975252,0.62,0.5,0.5,0,1363323,1287889,0,2651212,0.6,35,0.41,0.77,0.63
164419061,013745498K,M,NO,Mandatorio,32,21,2,14,7,0.5,329889,579822,27379,937090,0.47,0.62,0.52,0.43,2004753,1690036,0,3694789,0.59,20,0.21,0.59,0.45
164755460,128896406,M,NO,Voluntario,31,20,2,19,1,1.02,585302,0,3295861,3881163,0.24,0.65,0.5,0.05,1503739,0,1367709,2871448,0.64,26,0.43,0.47,0.62
165071247,143103064,F,NO,Mandatorio,31,16,1,16,16,0.43,355466,384817,28139,768422,0.59,0.63,0.56,0.19,1326378,1018314,0,2344692,0.62,11,0.08,0.96,0.18
165498100,135341797,,NO,Mandatorio,,4,1,4,4,0.98,342328,638993,32500,1013821,0.48,0.25,0.25,0,1217557,1306625,0,2524182,0.59,10,0.24,0.76,0.5
165961218,130116221,F,NO,Mandatorio,31,20,1,20,20,0.55,279257,577230,19763,876249,0.42,0.65,0.5,0.35,1340258,2084978,0,3425235,0.45,21,0.38,0.63,0.62
166079276,132827486,,NO,Voluntario,,4,1,4,4,0.96,350000,0,380189,730189,0.75,0.75,0.5,0,1350745,0,1684724,3035469,0.49,21,0.32,0.57,0.67
166089735,155313382,F,NO,Mandatorio,30,24,4,9,1,0.87,343821,1563986,42668,1950475,0.32,0.58,0.46,0.33,1538205,585527,0,2123732,0.79,12,0.28,0.69,0.5
166167442,215869660,M,NO,Voluntario,31,27,3,12,5,0.56,415091,0,483968,899059,0.53,0.48,0.7,0.59,1356823,0,355762,1712586,0.85,17,0.8,0.39,0.29
166237297,128807837,F,NO,Voluntario,31,22,4,9,2,,454702,0,254469,709171,0.7,0.5,0,1,961449,0,497964,1459413,0.67,8,1,0,0.25
166298822,94726468,M,NO,Mandatorio,30,20,2,10,10,1.02,370177,1089774,52160,1512112,0.39,0.5,0.4,0.05,1480766,754817,809,2236392,0.75,28,0.48,0.61,0.5
166477212,153783977,F,NO,Voluntario,30,16,2,15,1,0,438339,0,260885,699224,0.73,0.56,0,1,1095422,0,535253,1630676,0.73,22,1,0,0.45
167195202,84649023,M,NO,Mandatorio,30,12,2,10,2,0.8,365615,507912,45377,918904,0.57,0.5,0.58,0.08,1503725,484667,0,1988392,0.81,21,0.6,0.53,0.52
167252206,94726468,F,NO,Mandatorio,30,24,4,9,1,0.53,358891,752470,20799,1132160,0.46,0.58,0.54,0.46,1480766,754817,809,2236392,0.75,28,0.48,0.61,0.5
167424414,121524422,M,NO,Mandatorio,31,20,1,20,20,1.15,357545,1220511,32650,1610706,0.37,0.5,0.35,0.15,1213041,1625177,0,2838218,0.51,17,0.32,0.84,0.41
167848990,97042772,M,NO,Voluntario,30,16,1,16,16,1.29,972222,0,2728989,3701212,0.36,0.5,0.63,0.13,3062475,0,2643559,5706034,0.55,12,0.35,0.68,0.25
167860613,132064490,F,NO,Mandatorio,31,16,1,16,16,0.78,359103,683338,19571,1062012,0.49,0.56,0.31,0.19,1363323,1287889,0,2651212,0.6,35,0.41,0.77,0.63
167883613,135086002,F,NO,Mandatorio,30,20,1,20,20,0.91,336379,930509,36287,1303174,0.4,0.55,0.35,0.2,1413067,1806806,0,3219873,0.53,17,0.11,1.07,0.35
016789433K,106667659,F,NO,Mandatorio,30,20,2,13,7,0.85,355284,750154,11886,1117323,0.46,0.6,0.3,0.2,1462580,2168888,0,3631468,0.51,16,0.16,0.98,0.31
168520263,106656622,M,NO,Mandatorio,30,20,1,20,20,0.94,370776,949767,35248,1355791,0.4,0.55,0.3,0.1,1538081,1029202,0,2567282,0.66,10,0.31,0.82,0.3
168526490,153783977,M,NO,Voluntario,30,10,1,10,10,0,424500,0,592118,1016618,0.5,0.2,0,1,1095422,0,535253,1630676,0.73,22,1,0,0.45
168747888,135341797,F,NO,Mandatorio,30,18,1,18,18,0.37,234441,524690,42977,802107,0.37,0.61,0.67,0.61,1217557,1306625,0,2524182,0.59,10,0.24,0.76,0.5
169128618,128807837,F,NO,Voluntario,29,11,1,11,11,,418685,0,370636,789321,0.59,0.36,0,1,961449,0,497964,1459413,0.67,8,1,0,0.25
169143056,132954186,M,NO,Mandatorio,29,16,2,15,1,1.07,355977,1139230,89499,1584706,0.41,0.5,0.31,0.06,1373320,1534267,30096,2937684,0.53,27,0.2,1.06,0.56
169234043,84649023,F,NO,Mandatorio,30,12,2,10,2,0.84,358124,613286,26141,997551,0.57,0.58,0.5,0.08,1503725,484667,0,1988392,0.81,21,0.6,0.53,0.52
169278563,126065310,,NO,Mandatorio,,3,1,3,3,0,359567,0,16667,376233,0.96,0.33,0,1,1509000,710000,0,2219000,0.69,2,1,0,0
016956096K,132954186,F,NO,Mandatorio,29,12,3,8,1,1.49,350703,1322409,26040,1699152,0.44,0.42,0.42,0.08,1373320,1534267,30096,2937684,0.53,27,0.2,1.06,0.56
169562334,134844604,F,NO,Mandatorio,29,12,1,12,12,1.15,488190,909291,31269,1428750,0.51,0.42,0.42,0,1245460,1567982,0,2813441,0.52,17,0.13,0.87,0.18
169758506,115944088,M,NO,Mandatorio,32,12,2,8,4,0.8,367798,491786,28173,887757,0.6,0.58,0.42,0.08,1372288,1730793,0,3103081,0.52,25,0.16,0.8,0.64
170193423,121524422,F,NO,Mandatorio,29,20,1,20,20,1.07,340059,1146258,26680,1512997,0.36,0.55,0.45,0.05,1213041,1625177,0,2838218,0.51,17,0.32,0.84,0.41
170281225,132064490,F,NO,Mandatorio,29,20,2,19,1,1.07,267776,1752080,30414,2050270,0.29,0.6,0.35,0.25,1363323,1287889,0,2651212,0.6,35,0.41,0.77,0.63
170295137,128896406,F,NO,Voluntario,29,14,2,12,2,0.62,355037,0,785603,1140640,0.45,0.64,0.5,0.21,1503739,0,1367709,2871448,0.64,26,0.43,0.47,0.62
170450221,126065310,,NO,Mandatorio,,1,1,1,1,0,295358,0,0,295358,1,0,0,1,1509000,710000,0,2219000,0.69,2,1,0,0
170470818,128896406,F,NO,Voluntario,30,15,2,12,3,1.21,341996,0,1083047,1425043,0.48,0.8,0.67,0.2,1503739,0,1367709,2871448,0.64,26,0.43,0.47,0.62
017047113K,132744505,,NO,Mandatorio,,8,1,8,8,1.92,358031,2134324,88750,2581105,0.54,0.5,0.38,0,1158206,3026582,60870,4245658,0.34,25,0.13,1.11,0.6
170507274,011834846K,M,NO,Mandatorio,29,16,1,16,16,0.77,328707,892688,17991,1239385,0.49,0.56,0.56,0.25,1248909,1541468,0,2790377,0.55,21,0.25,0.77,0.57
017055809K,119071224,,NO,Voluntario,,1,1,1,1,0,700000,0,0,700000,1,0,0,1,1480000,0,2500000,3980000,0.37,7,0.79,0.48,0
170613155,140919179,F,NO,Mandatorio,29,18,3,9,2,0.11,317758,114987,2372,435117,0.87,0.44,0.78,0.78,871250,588964,0,1460214,0.63,12,0.33,0.78,0.25
170800826,140919179,F,NO,Mandatorio,29,24,3,12,2,0.55,487480,470383,15448,973311,0.63,0.46,0.46,0.29,871250,588964,0,1460214,0.63,12,0.33,0.78,0.25
170835735,169647968,F,NO,Voluntario,30,20,3,10,1,0,445864,0,482944,928809,0.54,0.5,0,1,1124356,0,481245,1605601,0.73,20,0.95,0.15,0.2
171071658,169647968,F,NO,Voluntario,29,17,3,9,1,0,164400,0,23529,187930,0.97,0.71,0,1,1124356,0,481245,1605601,0.73,20,0.95,0.15,0.2
171346614,121484943,M,NO,Voluntario,29,14,2,12,2,0.64,350870,0,681103,1031973,0.6,0.64,0.79,0.14,1345560,0,765638,2111198,0.71,18,0.3,0.58,0.61
171755425,011834846K,M,NO,Mandatorio,29,12,2,9,3,0.62,344445,539245,9544,893234,0.6,0.75,0.58,0.25,1248909,1541468,0,2790377,0.55,21,0.25,0.77,0.57
172240879,104714412,M,NO,Mandatorio,28,12,1,12,12,1.56,366639,1021276,23089,1411004,0.48,0.58,0.5,0,1491056,2252287,0,3743343,0.46,30,0.2,0.99,0.57
172312063,169647968,,NO,Voluntario,,6,1,6,6,0,450000,0,146894,596894,0.8,0.5,0,1,1124356,0,481245,1605601,0.73,20,0.95,0.15,0.2
172495818,011834846K,M,NO,Mandatorio,29,16,1,16,16,0.85,356653,615405,32442,1004500,0.51,0.63,0.63,0,1248909,1541468,0,2790377,0.55,21,0.25,0.77,0.57
017256206K,215869660,F,NO,Voluntario,28,20,2,15,5,0.11,462737,0,282386,745123,0.67,0.45,0.75,0.75,1356823,0,355762,1712586,0.85,17,0.8,0.39,0.29
172686583,116070170,F,NO,Voluntario,29,17,1,17,17,0.73,458038,0,163824,621862,0.8,0.76,0.88,0.71,875704,0,866130,1741834,0.55,25,0.75,0.25,0.4
173107315,106656622,F,NO,Mandatorio,29,12,1,12,12,1.81,367663,1477194,42435,1887292,0.43,0.42,0.42,0,1538081,1029202,0,2567282,0.66,10,0.31,0.82,0.3
173136390,107732845,F,NO,Mandatorio,28,19,1,19,19,0.99,221347,1526890,33722,1781960,0.28,0.53,0.47,0.37,1528618,1420000,0,2948618,0.52,24,0.13,1.14,0.54
173610688,138516571,,NO,Voluntario,,2,1,2,2,0.52,350000,0,750000,1100000,0.32,0,0.5,0,1504200,0,1225000,2729200,0.56,8,0.25,0.42,0
173749961,134844604,M,NO,Mandatorio,28,25,1,25,25,0.55,508107,437605,14389,960101,0.64,0.48,0.52,0.12,1245460,1567982,0,2813441,0.52,17,0.13,0.87,0.18
174317089,97042772,M,NO,Voluntario,28,16,1,16,16,0.75,955800,0,2008539,2964339,0.39,0.5,0.44,0.25,3062475,0,2643559,5706034,0.55,12,0.35,0.68,0.25
017434468K,121524422,,NO,Mandatorio,,4,1,4,4,0.94,325266,562052,100000,987317,0.5,0.5,0.5,0,1213041,1625177,0,2838218,0.51,17,0.32,0.84,0.41
174720061,94726468,F,NO,Mandatorio,29,16,1,16,16,0.52,379868,352710,39187,771765,0.6,0.63,0.5,0.19,1480766,754817,809,2236392,0.75,28,0.48,0.61,0.5
174848238,156398306,,NO,Voluntario,,5,1,5,5,0.33,329000,0,15600,344600,0.96,0.2,0.8,0.2,1502674,0,1161755,2664430,0.63,5,0.54,0.47,0.6
175160728,128807837,F,NO,Voluntario,28,13,1,13,13,,432384,0,472146,904530,0.52,0.23,0,1,961449,0,497964,1459413,0.67,8,1,0,0.25
175978844,141289152,F,NO,Voluntario,28,22,4,10,1,0.86,400616,0,370960,771576,0.58,0.55,0.91,0.82,1621128,0,304340,1925468,0.85,6,1,0.48,0.5
176180412,139238249,F,NO,Voluntario,26,23,4,11,1,0.35,523331,0,338314,861645,0.67,0.57,0.83,0.83,1467571,0,1393354,2860924,0.58,12,0.5,0.47,0.42
176211571,169647968,,NO,Voluntario,,1,1,1,1,0,195000,0,0,195000,1,0,0,1,1124356,0,481245,1605601,0.73,20,0.95,0.15,0.2
017662910K,169647968,M,NO,Voluntario,28,23,2,22,1,0.25,460022,0,331565,791588,0.62,0.39,0.91,0.91,1124356,0,481245,1605601,0.73,20,0.95,0.15,0.2
177270954,106656622,F,NO,Mandatorio,27,16,1,16,16,0.92,289468,929765,28909,1248143,0.43,0.56,0.44,0.31,1538081,1029202,0,2567282,0.66,10,0.31,0.82,0.3
177273015,156530999,M,NO,Mandatorio,27,24,2,14,10,0.74,368319,706425,20848,1095592,0.44,0.54,0.46,0.13,1429171,1084693,0,2513864,0.69,13,0.18,0.83,0.62
178200828,97019819,F,NO,Mandatorio,27,27,2,24,3,0.38,179347,311688,8556,499591,0.5,0.59,0.67,0.63,1427850,1611621,105006,3144478,0.59,8,0.15,1.39,0
178587145,011834846K,M,NO,Mandatorio,27,24,1,24,24,0.66,366253,768330,15499,1150082,0.45,0.5,0.54,0.33,1248909,1541468,0,2790377,0.55,21,0.25,0.77,0.57
178916483,143103064,F,NO,Mandatorio,27,20,1,20,20,0.88,370177,862207,24792,1257176,0.43,0.6,0.45,0.05,1326378,1018314,0,2344692,0.62,11,0.08,0.96,0.18
180182551,83284579,,NO,Voluntario,,1,1,1,1,0.05,700000,0,1000000,1700000,0.41,0,0,1,1540297,0,852097,2392394,0.7,22,0.47,0.34,0.68
180199217,153783977,F,NO,Voluntario,26,10,1,10,10,0,442500,0,591544,1034044,0.52,0.4,0,1,1095422,0,535253,1630676,0.73,22,1,0,0.45
181721995,153783977,,NO,Voluntario,,9,1,9,9,0,408333,0,292107,700440,0.7,0.56,0,1,1095422,0,535253,1630676,0.73,22,1,0,0.45
182291528,156530999,F,NO,Mandatorio,26,23,2,13,10,0.99,342055,1422731,163906,1928691,0.27,0.57,0.39,0.22,1429171,1084693,0,2513864,0.69,13,0.18,0.83,0.62
182980064,139593952,,NO,Mandatorio,,2,2,1,1,0,309721,0,0,309721,1,0.5,0,1,1035008,4512766,0,5547774,0.19,12,0.44,0.58,0.42
183107925,135341797,F,NO,Mandatorio,43,16,1,16,16,0.91,354367,852281,22902,1229551,0.45,0.5,0.5,0.13,1217557,1306625,0,2524182,0.59,10,0.24,0.76,0.5
183109952,118897102,M,NO,Voluntario,26,9,1,9,9,0.28,348704,0,250250,598954,0.73,0.67,0.56,0.33,1373955,0,1204337,2578292,0.63,23,0.36,0.44,0.52
183548190,94726468,F,NO,Mandatorio,26,16,1,16,16,0.42,353958,444394,18876,817227,0.66,0.69,0.75,0.44,1480766,754817,809,2236392,0.75,28,0.48,0.61,0.5
183642464,116070170,,NO,Voluntario,,9,1,9,9,0.72,423333,0,138889,562222,0.82,0.56,0.67,0.44,875704,0,866130,1741834,0.55,25,0.75,0.25,0.4
184422492,155313382,,NO,Mandatorio,,4,1,4,4,1.2,332906,1288065,117500,1738471,0.38,0.25,0.5,0,1538205,585527,0,2123732,0.79,12,0.28,0.69,0.5
018461586K,169647968,,NO,Voluntario,,5,1,5,5,0,447000,0,139797,586797,0.82,0.6,0,1,1124356,0,481245,1605601,0.73,20,0.95,0.15,0.2
186355555,116070170,,NO,Voluntario,,4,1,4,4,0.69,390000,0,50000,440000,0.92,0.25,0.5,0,875704,0,866130,1741834,0.55,25,0.75,0.25,0.4
186751949,116070170,,NO,Voluntario,,4,1,4,4,0.64,450000,0,56250,506250,0.92,0.75,0.75,0.75,875704,0,866130,1741834,0.55,25,0.75,0.25,0.4
187816556,104714412,F,NO,Mandatorio,36,20,1,20,20,0.66,284200,679589,19994,983783,0.45,0.5,0.5,0.4,1491056,2252287,0,3743343,0.46,30,0.2,0.99,0.57
188182453,215869660,F,NO,Voluntario,36,10,1,10,10,0.46,448500,0,615814,1064314,0.55,0.7,0.8,0.5,1356823,0,355762,1712586,0.85,17,0.8,0.39,0.29
188475906,153783977,,NO,Voluntario,,6,1,6,6,0,397500,0,476872,874372,0.59,0.33,0,1,1095422,0,535253,1630676,0.73,22,1,0,0.45
189694652,139593952,F,NO,Mandatorio,23,18,5,6,1,0.35,269283,373863,7195,650342,0.5,0.56,0.61,0.56,1035008,4512766,0,5547774,0.19,12,0.44,0.58,0.42
191870476,153783977,M,NO,Voluntario,23,13,1,13,13,0,442704,0,303217,745921,0.69,0.54,0,1,1095422,0,535253,1630676,0.73,22,1,0,0.45
019307216K,169647968,,NO,Voluntario,,1,1,1,1,0,270000,0,0,270000,1,0,0,1,1124356,0,481245,1605601,0.73,20,0.95,0.15,0.2
193241484,128807837,F,NO,Voluntario,22,15,1,15,15,,435712,0,368710,804421,0.6,0.2,0,1,961449,0,497964,1459413,0.67,8,1,0,0.25
195595550,169647968,,NO,Voluntario,,6,1,6,6,0,450000,0,170278,620278,0.79,0.5,0,1,1124356,0,481245,1605601,0.73,20,0.95,0.15,0.2
197823615,169647968,F,NO,Voluntario,21,16,3,8,1,0,432020,0,390469,822489,0.68,0.56,0,1,1124356,0,481245,1605601,0.73,20,0.95,0.15,0.2
199377906,135086002,F,NO,Mandatorio,30,20,1,20,20,1.53,356482,2140894,77301,2574677,0.3,0.45,0.35,0.1,1413067,1806806,0,3219873,0.53,17,0.11,1.07,0.35
213284193,155313382,M,NO,Mandatorio,58,16,2,8,8,0.63,347462,1003817,85933,1437213,0.41,0.69,0.5,0.13,1538205,585527,0,2123732,0.79,12,0.28,0.69,0.5
226022082,141104977,M,NO,Mandatorio,29,16,2,12,4,1.36,371680,1628143,435014,2434836,0.36,0.44,0.5,0,1407329,1494549,0,2901878,0.56,13,0.19,1.05,0.46
243945704,138516571,,NO,Voluntario,,1,1,1,1,0.12,700000,0,1100000,1800000,0.39,0,0,0,1504200,0,1225000,2729200,0.56,8,0.25,0.42,0
244784372,67196600,M,NO,Voluntario,38,16,3,12,1,0.54,360224,0,674699,1034922,0.6,0.69,0.69,0.25,1366979,0,1222167,2589146,0.63,18,0.7,0.29,0.78
024761253K,215869660,F,NO,Voluntario,35,20,3,9,5,0.26,273388,0,198396,471784,0.69,0.5,0.75,0.55,1356823,0,355762,1712586,0.85,17,0.8,0.39,0.29
024822777K,132064490,F,NO,Mandatorio,50,20,3,9,5,0.87,358243,1086521,35017,1479781,0.41,0.6,0.4,0.3,1363323,1287889,0,2651212,0.6,35,0.41,0.77,0.63
252235582,013551439K,M,NO,Mandatorio,38,5,1,5,5,0.4,325229,164068,3389,492686,0.73,0.4,0.4,0.2,1189709,2018462,0,3208171,0.44,39,0.16,0.69,0.59
